Data;Godzina;Krajowe zapotrzebowanie na moc;Suma zdolno�ci wytw�rczych jednostek wytw�rczych w KSE;Suma zdolno�ci wytw�rczych JGWa;Suma zdolno�ci wytw�rczych JGFWa;Suma zdolno�ci wytw�rczych JGMa;Suma zdolno�ci wytw�rczych JGPVa;Sumaryczna generacja JG aktywnych: JGWa, JGFWa, JGMa i JGPVa;Sumaryczna generacja JGWa;Sumaryczna generacja JGFWa;Sumaryczna generacja JGMa;Sumaryczna generacja JGPVa;Sumaryczna generacja jednostek wytw�rczych nieuczestnicz�cych aktywnie w Rynku Bilansuj�cym;Generacja �r�de� wiatrowych;Generacja �r�de� fotowoltaicznych;Sumaryczna moc �adowania JGMa;Krajowe saldo wymiany mi�dzysystemowej r�wnoleg�ej;Krajowe saldo wymiany mi�dzysystemowej nier�wnoleg�ej;Rezerwa mocy ponad zapotrzebowanie;Rezerwa mocy poni�ej zapotrzebowania;Suma mocy z wykorzystanych Ofert Redukcji Obci��enia JGOa
2024-04-09;1;16003;28181;21194;-;0;-;8865;8865;-;0;-;6987;3800;0;71,00;-950;980;4338;-2057;0
2024-04-09;2;15691;27978;21207;-;0;-;8945;8945;-;0;-;6771;3623;0;43,00;-950;980;4475;-1920;0
2024-04-09;3;15449;27708;21219;-;0;-;8949;8949;-;0;-;6489;3341;0;11,00;-950;980;4478;-1917;0
2024-04-09;4;15586;27402;21228;-;0;-;9331;9331;-;0;-;6174;3021;0;53,00;-950;980;3993;-2407;0
2024-04-09;5;16077;27010;21182;-;0;-;9799;9799;-;0;-;5828;2637;0;200,00;-403;980;3509;-2891;0
2024-04-09;6;16796;26745;21167;-;0;-;9937;9937;-;0;-;5578;2385;0;150,00;564;980;3543;-2857;0
2024-04-09;7;19166;27792;21167;-;905;-;11863;11685;-;178;-;5720;2160;297;0,00;637;867;1603;-4797;0
2024-04-09;8;20796;29145;20933;-;1027;-;12523;12052;-;471;-;7185;1826;2063;0,00;370;640;1227;-5163;0
2024-04-09;9;21177;31568;21318;-;992;-;11540;11254;-;286;-;9258;1483;4484;0,00;-432;495;1982;-4303;0
2024-04-09;10;21084;32126;20860;-;482;-;9754;9676;-;79;-;10784;887;6657;0,00;771;-268;3263;-2792;0
2024-04-09;11;20420;32957;20755;-;34;-;8440;8440;-;0;-;12168;732;8332;108,00;745;-615;4652;-1223;0
2024-04-09;12;20043;34520;20745;-;0;-;7261;7261;-;0;-;13775;900;9855;472,00;464;-811;5192;-385;0
2024-04-09;13;20020;34815;20815;-;0;-;7187;7187;-;0;-;14000;1096;9969;707,00;589;-937;5232;-448;0
2024-04-09;14;19828;35094;20805;-;0;-;7184;7184;-;0;-;14289;1405;9986;911,00;348;-699;5496;-174;0
2024-04-09;15;19617;34757;20741;-;0;-;7166;7166;-;0;-;14016;1897;9215;909,00;448;-770;5404;-256;0
2024-04-09;16;19831;33259;20696;-;68;-;7971;7971;-;0;-;12495;2224;7358;615,00;504;-573;4236;-1419;0
2024-04-09;17;20063;32371;20616;-;541;-;9116;9116;-;0;-;11214;2429;5730;268,00;-272;277;3440;-1661;0
2024-04-09;18;20486;30929;21100;-;974;-;10857;10658;-;199;-;8855;2664;3027;0,00;-197;887;2335;-3041;0
2024-04-09;19;21321;29077;21069;-;1013;-;12385;11835;-;550;-;6995;2875;851;0,00;1209;692;1859;-3817;0
2024-04-09;20;22120;28666;20948;-;1030;-;13599;12616;-;983;-;6688;3376;23;0,00;1353;592;1522;-4316;0
2024-04-09;21;22160;29235;20923;-;999;-;13086;12370;-;717;-;7313;4034;0;0,00;926;784;1581;-4277;0
2024-04-09;22;20354;29787;20918;-;992;-;11227;10853;-;375;-;7877;4608;0;0,00;613;812;3319;-2549;0
2024-04-09;23;18753;30464;21064;-;1095;-;10266;10203;-;62;-;8305;5124;0;0,00;-650;692;3800;-2240;0
2024-04-09;24;17337;31022;21129;-;1058;-;8791;8791;-;0;-;8835;5670;0;74,00;-650;680;5662;-582;0
2024-04-10;1;16342;29620;21241;-;0;-;8556;8556;-;0;-;8379;5267;0;479,00;-885;916;5909;-512;0
2024-04-10;2;15694;28987;21201;-;0;-;8516;8516;-;0;-;7786;4751;0;479,00;-950;980;5924;-497;0
2024-04-10;3;15505;28994;21196;-;0;-;8506;8506;-;0;-;7798;4763;0;478,00;-950;980;6120;-306;0
2024-04-10;4;15442;28859;21196;-;0;-;8506;8506;-;0;-;7663;4606;0;477,00;-956;980;6043;-383;0
2024-04-10;5;15764;28771;21042;-;0;-;8383;8383;-;0;-;7729;4652;0;384,00;-893;923;5767;-664;0
2024-04-10;6;16895;28975;21050;-;68;-;8992;8992;-;0;-;7857;4729;0;37,00;-949;980;5154;-1277;0
2024-04-10;7;19082;29285;20818;-;680;-;10590;10416;-;174;-;7787;4294;282;0,00;-144;927;3910;-2222;0
2024-04-10;8;20625;30461;20778;-;903;-;11526;11259;-;267;-;8780;3941;1561;0,00;-582;953;3114;-2972;0
2024-04-10;9;21561;31522;20778;-;966;-;11816;11372;-;445;-;9778;4200;2318;0,00;-1131;992;2844;-3234;0
2024-04-10;10;21617;31426;20158;-;756;-;10752;10426;-;326;-;10512;4067;3204;8,00;-556;800;3826;-2229;0
2024-04-10;11;21334;31521;20100;-;579;-;10121;10003;-;118;-;10842;4041;3679;32,00;-151;580;4334;-1997;0
2024-04-10;12;21688;32580;20071;-;446;-;9381;9381;-;0;-;12063;4336;4662;89,00;-50;380;4897;-1494;0
2024-04-10;13;21668;33013;20071;-;154;-;8842;8842;-;0;-;12788;4270;5491;199,00;-50;380;5537;-914;0
2024-04-10;14;21375;32960;20061;-;43;-;8635;8635;-;0;-;12856;4155;5672;441,00;-50;380;5720;-726;0
2024-04-10;15;21280;32156;20073;-;294;-;9547;9547;-;0;-;11789;3814;4949;424,00;-56;380;5031;-1415;0
2024-04-10;16;21056;31553;20109;-;77;-;9885;9885;-;0;-;11367;3746;4512;408,00;-50;480;5637;-847;0
2024-04-10;17;20758;30179;19824;-;462;-;10558;10558;-;0;-;9893;3604;3123;410,00;58;580;5110;-1146;0
2024-04-10;18;20548;29596;20439;-;500;-;10887;10887;-;0;-;8657;3500;1859;167,00;346;803;6143;-1246;0
2024-04-10;19;21008;28757;20431;-;522;-;11248;11209;-;39;-;7804;3732;667;8,00;1190;894;5956;-1391;0
2024-04-10;20;22070;28395;20466;-;943;-;14717;14116;-;601;-;6986;3547;25;0,00;-649;994;2942;-4357;0
2024-04-10;21;22225;28046;20508;-;952;-;15055;14392;-;663;-;6586;3169;0;0,00;-450;994;2689;-4908;0
2024-04-10;22;20539;27354;20546;-;928;-;12771;12260;-;511;-;5880;2477;0;0,00;957;983;4725;-2779;0
2024-04-10;23;18798;26714;20606;-;821;-;10736;10641;-;94;-;5287;2028;0;0,00;1755;980;5124;-1885;0
2024-04-10;24;17379;26422;20731;-;830;-;9537;9509;-;28;-;4861;1615;0;0,00;1881;980;5174;-1515;0
2024-04-11;1;16318;25414;20622;-;0;-;9196;9196;-;0;-;4792;1590;0;0,00;1239;980;4144;-1860;0
2024-04-11;2;16076;25367;20627;-;48;-;9564;9564;-;0;-;4692;1489;0;0,00;803;980;3856;-2153;0
2024-04-11;3;15881;25539;20627;-;129;-;9595;9595;-;0;-;4783;1577;0;0,00;528;980;3865;-2079;0
2024-04-11;4;15682;25576;20635;-;0;-;9271;9271;-;0;-;4941;1736;0;0,00;477;980;4180;-1741;0
2024-04-11;5;16023;26167;20893;-;0;-;8949;8949;-;0;-;5274;2022;0;43,00;938;980;4848;-1492;0
2024-04-11;6;16859;26411;20922;-;0;-;9278;9278;-;0;-;5489;2217;0;43,00;1252;980;4571;-1777;0
2024-04-11;7;18792;27850;20980;-;687;-;11072;11033;-;39;-;6183;2450;323;43,00;694;994;2884;-3499;0
2024-04-11;8;20483;29875;20815;-;776;-;10429;10080;-;349;-;8284;2569;2161;0,00;775;994;3564;-2824;0
2024-04-11;9;21748;32256;21013;-;753;-;10980;10509;-;471;-;10490;2082;4941;0,00;-948;994;2991;-3505;0
2024-04-11;10;21817;32777;20326;-;619;-;9941;9851;-;90;-;11832;1294;7145;0,00;-947;977;3376;-2936;0
2024-04-11;11;20900;35054;20294;-;0;-;7316;7310;-;0;-;14760;2521;8979;262,00;-606;601;6285;0;0
2024-04-11;12;20800;36285;20302;-;0;-;7018;7018;-;0;-;15983;3531;9301;577,00;-497;-551;6003;0;0
2024-04-11;13;20793;36822;20262;-;0;-;7030;7030;-;0;-;16560;3852;9573;715,00;92;-562;6986;0;0
2024-04-11;14;20537;36871;20254;-;0;-;7042;7042;-;0;-;16617;3927;9574;661,00;53;-589;7280;0;0
2024-04-11;15;20499;35728;20262;-;0;-;7069;7069;-;0;-;15466;3835;8509;495,00;168;-511;6548;0;0
2024-04-11;16;20576;33667;20348;-;233;-;7421;7421;-;0;-;13086;3590;6287;132,00;-1050;580;4652;-1202;0
2024-04-11;17;20155;32143;20353;-;590;-;8877;8867;-;10;-;11200;3432;4500;0,00;-770;800;4623;-1479;0
2024-04-11;18;19906;31379;21063;-;698;-;9834;9756;-;78;-;9618;3049;3200;0,00;-666;980;5134;-1531;0
2024-04-11;19;21167;28843;20762;-;773;-;12349;11944;-;404;-;7308;2637;1130;0,00;386;996;4061;-3372;0
2024-04-11;20;22087;28096;20917;-;884;-;15465;14587;-;877;-;6295;2635;38;0,00;-711;996;1817;-5473;0
2024-04-11;21;22125;28557;21204;-;904;-;15165;14330;-;835;-;6449;2834;0;0,00;-499;996;2391;-5055;0
2024-04-11;22;20434;28699;21325;-;882;-;12206;11849;-;357;-;6492;2880;0;0,00;812;980;4837;-2732;0
2024-04-11;23;18775;28597;21367;-;904;-;10581;10464;-;118;-;6326;2833;0;0,00;871;980;5120;-2020;0
2024-04-11;24;17559;28637;21435;-;894;-;9799;9799;-;0;-;6308;2886;0;3,00;486;980;5226;-1641;0
2024-04-12;1;16249;28182;21582;-;68;-;9518;9518;-;0;-;6532;3178;0;17,00;-850;980;4631;-1939;0
2024-04-12;2;15648;28199;21707;-;0;-;9116;9116;-;0;-;6492;3188;0;22,00;-949;980;4845;-1636;0
2024-04-12;3;15474;28025;21707;-;0;-;9047;9047;-;0;-;6318;3016;0;22,00;-850;980;4945;-1536;0
2024-04-12;4;15518;27767;21707;-;0;-;9301;9301;-;0;-;6060;2759;0;17,00;-850;980;4647;-1834;0
2024-04-12;5;15937;27743;21712;-;55;-;9327;9327;-;0;-;5976;2677;0;11,00;-381;980;4649;-1837;0
2024-04-12;6;16974;27645;21712;-;101;-;9443;9443;-;0;-;5832;2509;0;6,00;758;980;4662;-1824;0
2024-04-12;7;19427;28685;21708;-;758;-;11705;11466;-;239;-;6219;2331;310;0,00;519;994;2684;-3798;0
2024-04-12;8;20871;30669;21708;-;800;-;11434;11168;-;266;-;8161;2234;2321;0,00;225;994;3154;-3534;0
2024-04-12;9;21734;32046;21703;-;729;-;10828;10743;-;85;-;9614;2100;3953;0,00;-175;994;3159;-3524;0
2024-04-12;10;21725;32826;21627;-;738;-;10889;10854;-;35;-;10461;1735;5268;0,00;-660;980;3326;-3243;0
2024-04-12;11;20903;33547;21561;-;346;-;9303;9293;-;10;-;11640;1715;6578;40,00;180;-150;4969;-1582;0
2024-04-12;12;21234;34008;21551;-;264;-;8899;8889;-;10;-;12193;1908;6971;95,00;1292;-1062;5216;-1325;0
2024-04-12;13;21046;34098;21431;-;78;-;8432;8422;-;10;-;12589;2336;7045;354,00;1451;-1021;5621;-725;0
2024-04-12;14;20533;34082;21471;-;10;-;8355;8345;-;10;-;12601;2742;6654;602,00;1392;-1062;5839;-497;0
2024-04-12;15;20105;34042;21471;-;10;-;8370;8360;-;10;-;12561;2832;6603;893,00;1493;-1062;6051;-285;0
2024-04-12;16;20283;33874;21509;-;404;-;8807;8797;-;10;-;11961;2937;5789;953,00;1393;-963;5341;-1018;0
2024-04-12;17;20511;32118;21394;-;547;-;9760;9750;-;10;-;10177;2711;4148;802,00;1459;-220;4490;-1934;0
2024-04-12;18;20410;30037;21398;-;478;-;9453;9443;-;10;-;8161;2135;2572;96,00;2019;986;5422;-1050;0
2024-04-12;19;20726;28660;21243;-;887;-;12179;11814;-;364;-;6530;2061;928;16,00;1062;996;3297;-3196;0
2024-04-12;20;21405;28153;21339;-;1280;-;14577;13804;-;773;-;5534;1902;36;0,00;233;996;1612;-5048;0
2024-04-12;21;21575;28335;21280;-;1298;-;14459;13676;-;782;-;5757;2168;0;0,00;316;996;1698;-4882;0
2024-04-12;22;19972;28734;21223;-;1244;-;12097;11624;-;474;-;6267;2712;0;0,00;715;996;3731;-3061;0
2024-04-12;23;18586;29095;21223;-;940;-;9719;9719;-;0;-;6932;3518;0;0,00;1002;983;4751;-1771;0
2024-04-12;24;17158;29589;21096;-;1061;-;8942;8942;-;0;-;7432;4054;0;0,00;-273;980;4327;-1677;0
2024-04-13;1;16307;28262;20358;-;243;-;8491;8405;-;86;-;7661;4409;0;0,00;-950;980;3851;-2003;0
2024-04-13;2;15670;28424;20581;-;0;-;7790;7790;-;0;-;7843;4562;0;0,00;-950;980;4280;-1380;0
2024-04-13;3;15346;27757;20416;-;0;-;7887;7887;-;0;-;7341;4057;0;0,00;-947;977;3938;-1722;0
2024-04-13;4;15307;27725;20421;-;106;-;8063;8058;-;5;-;7198;3912;0;0,00;-944;974;3844;-1821;0
2024-04-13;5;15209;27796;20482;-;317;-;8224;8143;-;81;-;6997;3710;0;0,00;-950;980;3876;-1789;0
2024-04-13;6;14989;27622;20480;-;166;-;7990;7959;-;31;-;6976;3640;0;0,00;-950;980;4023;-1619;0
2024-04-13;7;15760;28162;20470;-;461;-;8477;8257;-;219;-;7231;3598;262;0,00;-950;980;3686;-1947;0
2024-04-13;8;16896;29744;20479;-;510;-;8049;7697;-;352;-;8755;3648;1733;0,00;-802;832;4215;-1413;0
2024-04-13;9;18022;31001;20479;-;278;-;7702;7548;-;154;-;10244;3275;3600;0,00;-763;793;4381;-1247;0
2024-04-13;10;18551;33296;20545;-;324;-;6505;6477;-;28;-;12427;3558;5599;147,00;437;-422;4114;-651;0
2024-04-13;11;17914;34281;19777;-;225;-;6007;6007;-;0;-;14279;4141;7004;584,00;-108;-1062;4505;0;0
2024-04-13;12;17837;33960;19206;-;377;-;5477;5477;-;0;-;14377;4325;7014;620,00;-508;-1062;3673;-629;0
2024-04-13;13;17515;34971;19177;-;299;-;5431;5431;-;0;-;15495;4285;8187;513,00;-1508;-1062;4191;-92;0
2024-04-13;14;17142;34713;19212;-;358;-;5382;5382;-;0;-;15143;4448;7660;860,00;-1508;-1062;3900;-476;0
2024-04-13;15;16787;34549;19314;-;191;-;5406;5406;-;0;-;15044;4683;7327;906,00;-1508;-1062;4213;-251;0
2024-04-13;16;16498;33021;19416;-;204;-;5401;5401;-;0;-;13401;4514;5849;856,00;-208;-1062;4198;-261;0
2024-04-13;17;16975;32008;20490;-;213;-;6082;6082;-;0;-;11305;3827;4336;363,00;1087;-1062;3563;-896;0
2024-04-13;18;17381;29633;20155;-;607;-;8428;8075;-;353;-;8871;2844;2737;0,00;221;-284;2053;-2466;0
2024-04-13;19;17815;27886;20436;-;805;-;9100;8436;-;664;-;6645;2351;950;0,00;1136;916;2883;-2231;0
2024-04-13;20;19028;26760;20451;-;1045;-;10746;9885;-;861;-;5264;1748;46;0,00;2038;980;1769;-3568;0
2024-04-13;21;19445;26920;20456;-;1096;-;11709;10768;-;941;-;5368;1900;0;0,00;1362;980;944;-4540;0
2024-04-13;22;18254;26780;20523;-;1057;-;10675;10116;-;559;-;5200;1783;0;0,00;1317;980;1545;-3966;0
2024-04-13;23;16797;27539;20679;-;840;-;9037;8726;-;310;-;6020;2707;0;0,00;947;980;3214;-2307;0
2024-04-13;24;15149;28306;20701;-;789;-;7813;7609;-;204;-;6816;3511;0;0,00;254;265;3301;-1803;0
2024-04-14;1;14062;28647;20706;-;475;-;6432;6347;-;85;-;7466;4180;0;0,00;772;-742;2513;-1648;0
2024-04-14;2;13689;28846;20616;-;512;-;5860;5775;-;84;-;7718;4476;0;0,00;764;-734;2467;-1264;0
2024-04-14;3;12975;29375;20651;-;375;-;5080;5070;-;10;-;8349;5167;0;16,00;835;-804;3724;-7;0
2024-04-14;4;12937;30062;20686;-;191;-;5017;5017;-;0;-;9185;6012;0;32,00;900;-870;4571;0;0
2024-04-14;5;13228;30280;20725;-;236;-;5017;5017;-;0;-;9319;6293;0;48,00;755;-725;4399;0;0
2024-04-14;6;13078;30460;20828;-;0;-;5017;5017;-;0;-;9632;6621;1;95,00;323;-293;4804;0;0
2024-04-14;7;13656;31023;20823;-;248;-;4955;4955;-;0;-;9952;6637;284;95,00;-926;415;4000;0;0
2024-04-14;8;14515;32535;20813;-;225;-;4953;4953;-;0;-;11497;6911;1558;95,00;-1098;380;4468;0;0
2024-04-14;9;15383;33418;20586;-;253;-;4955;4955;-;0;-;12579;6455;3101;95,00;-810;111;4697;0;0
2024-04-14;10;16129;33639;20571;-;224;-;4970;4970;-;0;-;12844;6159;3624;95,00;-584;-344;3972;0;0
2024-04-14;11;16052;33828;20561;-;269;-;4989;4989;-;0;-;12998;5866;4108;295,00;-789;-714;3419;-277;0
2024-04-14;12;16197;34802;20556;-;358;-;5185;5185;-;0;-;13888;5738;5135;362,00;-1632;-1062;2900;-736;0
2024-04-14;13;16044;34558;20556;-;256;-;5041;5041;-;0;-;13746;5598;5142;730,00;-1010;-1060;3166;-471;0
2024-04-14;14;15264;33856;20551;-;157;-;5130;5130;-;0;-;13148;5543;4599;895,00;-1008;-1062;3178;-443;0
2024-04-14;15;15311;33650;20551;-;225;-;5114;5114;-;0;-;12874;5506;4353;753,00;-1029;-1062;2980;-641;0
2024-04-14;16;14787;33162;20556;-;68;-;5055;5055;-;0;-;12538;5579;3932;304,00;-1358;-1062;3293;-334;0
2024-04-14;17;15590;33073;20566;-;0;-;5028;5028;-;0;-;12507;6181;3279;117,00;-494;-1062;3518;-143;0
2024-04-14;18;16096;32410;20571;-;39;-;5141;5141;-;0;-;11800;6358;2364;80,00;-224;-20;3725;0;0
2024-04-14;19;16501;31452;20133;-;434;-;6216;6144;-;72;-;10885;6450;1198;6,00;-991;480;2642;-1054;0
2024-04-14;20;17588;30392;20013;-;832;-;7689;7164;-;526;-;9547;6097;58;0,00;-100;596;2672;-1621;0
2024-04-14;21;18197;29899;20023;-;1109;-;9339;8256;-;1083;-;8767;5372;0;0,00;-650;686;1680;-2894;0
2024-04-14;22;17503;29320;20028;-;1112;-;9897;8856;-;1042;-;8180;4800;0;0,00;-1429;800;1086;-3522;0
2024-04-14;23;16536;29453;20512;-;1274;-;9714;8916;-;799;-;7667;4355;0;0,00;-1776;880;1015;-3624;0
2024-04-14;24;15242;29208;20667;-;1221;-;8499;8276;-;223;-;7320;3943;0;0,00;-1500;880;1683;-3026;0
2024-04-15;1;14537;28010;20221;-;950;-;7876;7866;-;10;-;6839;3504;0;94,00;-1111;980;2663;-2228;0
2024-04-15;2;14299;26556;19650;-;455;-;8226;8226;-;0;-;6451;3015;0;419,00;-950;980;3164;-1924;0
2024-04-15;3;14622;25850;19598;-;442;-;9168;9168;-;0;-;5810;2374;0;437,00;-950;980;3037;-2693;0
2024-04-15;4;14360;25552;19585;-;658;-;9459;9459;-;0;-;5309;1866;0;439,00;-950;980;2921;-2818;0
2024-04-15;5;14597;25424;19655;-;274;-;9366;9366;-;0;-;5495;2045;0;297,00;-949;980;3639;-2244;0
2024-04-15;6;15552;25126;19655;-;39;-;9895;9895;-;0;-;5432;1971;1;251,00;-436;980;4216;-1779;0
2024-04-15;7;18552;25886;19606;-;609;-;12506;12487;-;19;-;5671;1936;202;6,00;-131;670;3290;-3672;0
2024-04-15;8;20640;26901;19536;-;748;-;14774;14107;-;668;-;6617;2088;879;0,00;-1036;228;2300;-4894;0
2024-04-15;9;21735;27617;19685;-;741;-;15023;14479;-;544;-;7191;1545;1989;0,00;-898;328;2077;-5114;0
2024-04-15;10;21834;28001;19490;-;304;-;12718;12718;-;0;-;8207;1262;3456;8,00;26;936;4087;-3505;0
2024-04-15;11;21554;29296;19601;-;0;-;11606;11606;-;0;-;9695;1127;5159;248,00;-451;980;5443;-2298;0
2024-04-15;12;21826;30617;19716;-;0;-;11084;11084;-;0;-;10901;1061;6423;250,00;-881;980;6141;-1602;0
2024-04-15;13;21902;30491;19295;-;0;-;10569;10569;-;0;-;11196;1101;6703;250,00;-580;970;6274;-1411;0
2024-04-15;14;21524;30283;19397;-;0;-;10474;10474;-;0;-;10886;1032;6476;249,00;-676;980;6358;-1429;0
2024-04-15;15;21396;29449;19512;-;0;-;9987;9987;-;0;-;9937;838;5710;249,00;868;939;7155;-627;0
2024-04-15;16;21306;28898;19912;-;0;-;10162;10162;-;0;-;8986;777;4812;249,00;1489;980;7209;-825;0
2024-04-15;17;21534;27699;19952;-;0;-;11776;11776;-;0;-;7747;656;3557;249,00;1210;980;5503;-2586;0
2024-04-15;18;21477;26719;20475;-;30;-;13395;13395;-;0;-;6214;601;2038;185,00;1146;980;4563;-3526;0
2024-04-15;19;21811;26434;20406;-;800;-;14728;14613;-;115;-;5228;672;847;49,00;1127;753;3127;-5012;0
2024-04-15;20;22437;26633;20391;-;1352;-;16205;15316;-;889;-;4890;1125;48;0,00;718;646;2461;-5639;0
2024-04-15;21;22323;27141;20230;-;1306;-;15297;14382;-;915;-;5605;1856;0;0,00;784;596;2569;-5346;0
2024-04-15;22;20428;27692;20154;-;1302;-;12426;11884;-;542;-;6236;2463;0;0,00;1134;749;3606;-3602;0
2024-04-15;23;18567;27784;20112;-;1338;-;10762;10643;-;118;-;6334;2770;0;0,00;630;840;4330;-2685;0
2024-04-15;24;17200;28049;20444;-;1097;-;9443;9258;-;185;-;6508;2996;0;0,00;549;737;5613;-1205;0
2024-04-16;1;16213;28777;21176;-;536;-;8820;8668;-;152;-;7065;3499;0;0,00;52;-22;4788;-1561;0
2024-04-16;2;16432;28606;20889;-;551;-;8894;8880;-;14;-;7166;3574;0;0,00;20;10;3828;-2317;0
2024-04-16;3;15637;28073;20860;-;437;-;8913;8913;-;0;-;6776;3173;0;0,00;74;-44;4123;-2022;0
2024-04-16;4;15428;28097;20938;-;270;-;8926;8926;-;0;-;6889;3291;0;433,00;146;-116;4013;-2132;0
2024-04-16;5;15933;29215;21037;-;203;-;8421;8421;-;0;-;7975;4392;0;552,00;119;-89;4489;-1661;0
2024-04-16;6;16591;29762;21035;-;0;-;8159;8159;-;0;-;8727;5118;1;293,00;192;-162;4890;-1258;0
2024-04-16;7;18856;30927;20881;-;597;-;9480;9445;-;35;-;9449;5487;262;0,00;63;-157;3449;-2545;0
2024-04-16;8;20817;32343;20350;-;986;-;10261;10137;-;124;-;11007;5876;1406;0,00;-517;-147;2407;-3046;0
2024-04-16;9;21909;33770;19908;-;1125;-;9950;9907;-;43;-;12737;6387;2665;0,00;-391;-520;2583;-3020;0
2024-04-16;10;21791;34544;19505;-;849;-;8496;8496;-;0;-;14190;6811;3807;235,00;-752;-135;4013;-1467;0
2024-04-16;11;21497;34905;19431;-;1103;-;9529;9417;-;112;-;14371;6767;4106;804,00;-1688;-312;2843;-3119;0
2024-04-16;12;21556;35841;19459;-;1082;-;8945;8945;-;0;-;15300;6983;4939;848,00;-1014;-1048;3523;-2309;0
2024-04-16;13;21884;35434;19429;-;742;-;8655;8655;-;0;-;15263;6623;5263;891,00;-884;-453;3811;-1991;0
2024-04-16;14;21397;34753;19493;-;284;-;8232;8232;-;0;-;14976;6397;5140;902,00;-695;-275;4197;-1598;0
2024-04-16;15;20991;33886;19144;-;0;-;7595;7595;-;0;-;14742;5938;5348;908,00;-653;350;5294;-653;0
2024-04-16;16;21011;33159;19362;-;101;-;8088;8088;-;0;-;13696;5460;4722;727,00;-574;444;4607;-1226;0
2024-04-16;17;20920;32833;20274;-;536;-;9356;9356;-;0;-;12023;4853;3551;104,00;-692;432;4228;-1734;0
2024-04-16;18;20858;31334;20273;-;905;-;10398;10398;-;0;-;10156;4211;2177;32,00;-189;580;3738;-2229;0
2024-04-16;19;21188;29651;20383;-;1075;-;11820;11619;-;201;-;8193;3528;797;0,00;547;706;4015;-2830;0
2024-04-16;20;21770;29248;20616;-;1268;-;13613;12692;-;922;-;7364;3360;45;0,00;301;650;3449;-3406;0
2024-04-16;21;22049;29354;20665;-;1302;-;13380;12488;-;893;-;7387;3350;0;0,00;620;642;3582;-3054;0
2024-04-16;22;20654;29375;20728;-;1318;-;12183;11829;-;354;-;7329;3286;0;0,00;903;230;4356;-2488;0
2024-04-16;23;19057;29428;20858;-;1226;-;10202;10202;-;0;-;7344;3401;0;3,00;1334;280;6221;-1008;0
2024-04-16;24;17506;28937;20470;-;1295;-;9420;9420;-;0;-;7172;3251;0;56,00;604;366;6516;-742;0
2024-04-17;1;16434;27416;20488;-;0;-;9185;9185;-;0;-;6928;3049;0;442,00;320;523;6849;-699;0
2024-04-17;2;16118;27322;20488;-;0;-;9131;9131;-;0;-;6834;2924;0;442,00;501;110;6839;-821;0
2024-04-17;3;15858;26924;20488;-;0;-;9516;9516;-;0;-;6436;2554;0;442,00;427;-151;6366;-1294;0
2024-04-17;4;16006;26609;20478;-;0;-;9634;9634;-;0;-;6131;2248;0;442,00;603;-123;6106;-1544;0
2024-04-17;5;16001;26345;20473;-;0;-;9405;9405;-;0;-;5872;1986;0;442,00;674;511;6553;-1092;0
2024-04-17;6;17062;26225;20389;-;0;-;10774;10764;-;0;-;5836;1842;3;437,00;529;327;5047;-2513;0
2024-04-17;7;20108;27211;20152;-;976;-;13216;13183;-;34;-;6083;1755;305;115,00;1222;-313;2421;-4863;0
2024-04-17;8;21589;28574;19827;-;1293;-;14452;13644;-;808;-;7454;1892;1429;0,00;616;-1044;1538;-5143;0
2024-04-17;9;22400;29276;19752;-;1318;-;14375;13798;-;578;-;8206;1692;2476;0,00;606;-1044;1163;-5281;0
2024-04-17;10;22336;30321;19966;-;1175;-;12860;12717;-;143;-;9180;1514;3668;0,00;1153;-797;2774;-4134;0
2024-04-17;11;22415;31153;19864;-;1103;-;12196;12196;-;0;-;10186;1741;4559;103,00;406;-274;3129;-3714;0
2024-04-17;12;22877;31717;20039;-;1197;-;12537;12537;-;0;-;10481;1667;4977;338,00;-220;359;2911;-4020;0
2024-04-17;13;22649;32061;20042;-;1197;-;12010;12010;-;0;-;10822;1581;5426;483,00;-178;305;3325;-3586;0
2024-04-17;14;22121;31144;19778;-;1025;-;11961;11961;-;0;-;10341;1503;5055;531,00;-355;485;3063;-3822;0
2024-04-17;15;21856;30932;19781;-;791;-;11847;11847;-;0;-;10360;1600;4991;531,00;-534;667;3353;-3535;0
2024-04-17;16;21837;30591;19825;-;1139;-;12559;12559;-;0;-;9627;1588;4256;544,00;-12;123;2693;-4307;0
2024-04-17;17;21704;29438;19825;-;1106;-;12430;12430;-;0;-;8507;1520;3088;128,00;538;231;2962;-4038;0
2024-04-17;18;21564;28288;19833;-;780;-;12360;12360;-;0;-;7675;1426;2221;48,00;849;845;3699;-3397;0
2024-04-17;19;21793;27325;19632;-;1114;-;13481;13387;-;94;-;6579;1280;977;16,00;892;946;3041;-3811;0
2024-04-17;20;22847;26504;19630;-;1296;-;16395;15599;-;796;-;5578;1142;62;0,00;877;-28;1145;-5804;0
2024-04-17;21;22620;26362;19569;-;1322;-;16287;15477;-;810;-;5471;1066;0;0,00;293;532;1139;-5708;0
2024-04-17;22;21155;26022;19425;-;1306;-;14078;14065;-;13;-;5291;930;0;8,00;951;859;2516;-4453;0
2024-04-17;23;19650;25909;19592;-;1349;-;12367;12367;-;0;-;4968;828;0;22,00;1555;819;4172;-3180;0
2024-04-17;24;18206;26350;20159;-;1324;-;11547;11547;-;0;-;4867;757;0;22,00;963;798;5133;-2731;0
2024-04-18;1;17240;24627;19777;-;0;-;11035;11035;-;0;-;4850;805;0;22,00;834;474;5133;-2504;0
2024-04-18;2;16588;24593;19762;-;0;-;10742;10742;-;0;-;4831;827;0;46,00;459;579;5456;-2166;0
2024-04-18;3;16231;24689;19762;-;0;-;10847;10847;-;0;-;4927;919;0;117,00;541;-3;5338;-2284;0
2024-04-18;4;16247;24809;19762;-;0;-;10732;10732;-;0;-;5047;1042;0;117,00;255;320;5480;-2142;0
2024-04-18;5;16769;25006;19907;-;0;-;10738;10738;-;0;-;5099;1084;0;117,00;674;399;5652;-2115;0
2024-04-18;6;17630;24928;19800;-;0;-;11263;11263;-;0;-;5128;1099;2;46,00;969;342;5023;-2637;0
2024-04-18;7;20483;25969;19672;-;771;-;13765;13606;-;159;-;5526;1049;346;0,00;1121;99;2553;-4979;0
2024-04-18;8;22010;28104;19875;-;1350;-;15358;14416;-;942;-;6879;999;1706;0,00;233;-523;1854;-5881;0
2024-04-18;9;22637;29659;19648;-;1333;-;14343;13662;-;681;-;8678;1025;3488;0,00;415;-857;2388;-4822;0
2024-04-18;10;22463;30883;19569;-;1123;-;12414;12267;-;148;-;10191;1156;5002;8,00;700;-861;3493;-3531;0
2024-04-18;11;22181;31945;19605;-;762;-;11231;11231;-;0;-;11578;1391;6203;188,00;377;-862;4546;-2444;0
2024-04-18;12;22508;32336;19514;-;1061;-;11700;11700;-;0;-;11761;1596;6295;880,00;342;-522;3923;-2593;0
2024-04-18;13;22154;32445;19627;-;677;-;11256;11256;-;0;-;12141;1764;6517;1082,00;670;-840;4580;-1874;0
2024-04-18;14;21530;31873;19113;-;302;-;10359;10359;-;0;-;12458;1971;6634;1145,00;684;-862;4935;-1484;0
2024-04-18;15;21340;31227;19298;-;77;-;10761;10761;-;0;-;11852;2164;5805;1141,00;301;-462;4725;-1807;0
2024-04-18;16;21126;30952;19695;-;14;-;10706;10706;-;0;-;11243;2340;4982;597,00;-231;61;4750;-1782;0
2024-04-18;17;21002;30878;19523;-;87;-;10360;10360;-;0;-;11268;2593;4712;214,00;-456;266;5602;-1016;0
2024-04-18;18;21468;29695;19736;-;638;-;11634;11634;-;0;-;9321;1990;3221;46,00;108;277;4238;-2743;0
2024-04-18;19;21874;28587;20442;-;1017;-;13899;13812;-;87;-;7128;1657;1190;0,00;555;295;2409;-4958;0
2024-04-18;20;22514;27468;20296;-;1323;-;15996;15270;-;725;-;5849;1403;82;0,00;363;487;1323;-6014;0
2024-04-18;21;22711;27143;20078;-;1351;-;15702;14983;-;719;-;5714;1347;0;0,00;621;600;1480;-5933;0
2024-04-18;22;21204;27478;20181;-;1334;-;12552;12542;-;10;-;5963;1612;0;32,00;2118;588;3479;-3628;0
2024-04-18;23;19555;27788;20346;-;1312;-;10428;10428;-;0;-;6130;1934;0;32,00;2231;809;5785;-1455;0
2024-04-18;24;18157;27577;20373;-;984;-;9823;9823;-;0;-;6220;2069;0;32,00;1360;798;6176;-978;0
2024-04-19;1;17344;26357;20233;-;0;-;10074;10074;-;0;-;6124;2082;0;145,00;739;409;5477;-1457;0
2024-04-19;2;16703;26510;20174;-;0;-;10200;10200;-;0;-;6336;2288;0;328,00;122;406;5467;-1415;0
2024-04-19;3;16560;26700;20131;-;0;-;10294;10294;-;0;-;6569;2529;0;368,00;-394;424;5263;-1579;0
2024-04-19;4;16517;26763;20131;-;0;-;10062;10062;-;0;-;6632;2610;0;237,00;-321;351;5501;-1341;0
2024-04-19;5;16736;27011;20131;-;0;-;9610;9610;-;0;-;6880;2856;0;106,00;160;246;6036;-806;0
2024-04-19;6;17503;27055;20235;-;0;-;10378;10378;-;0;-;6820;2785;6;90,00;65;330;5318;-1628;0
2024-04-19;7;20244;27986;20238;-;512;-;12430;12145;-;285;-;7236;2610;469;0,00;323;235;3533;-3416;0
2024-04-19;8;22097;29958;20489;-;683;-;12783;12489;-;295;-;8786;2274;2272;0,00;483;167;3584;-3616;0
2024-04-19;9;22524;30995;20506;-;170;-;11165;10995;-;170;-;10319;1820;4364;8,00;882;152;4958;-1961;0
2024-04-19;10;22432;32339;20496;-;161;-;11157;11030;-;127;-;11682;1542;6032;215,00;-293;-136;4580;-2284;0
2024-04-19;11;22027;32503;20381;-;0;-;10260;10260;-;0;-;12122;1575;6564;429,00;31;200;5738;-1131;0
2024-04-19;12;21742;32457;20405;-;0;-;9921;9921;-;0;-;12052;1690;6421;456,00;123;106;6032;-861;0
2024-04-19;13;21822;32427;20473;-;0;-;10133;10133;-;0;-;11954;1840;6206;467,00;185;47;5999;-905;0
2024-04-19;14;21431;32194;20535;-;0;-;10005;10005;-;0;-;11659;1967;5785;279,00;407;-177;6393;-555;0
2024-04-19;15;21173;31828;20375;-;0;-;9857;9857;-;0;-;11453;2058;5469;75,00;-51;281;6480;-581;0
2024-04-19;16;21330;30164;20089;-;169;-;11111;11111;-;0;-;9906;1765;4175;54,00;142;248;4601;-2444;0
2024-04-19;17;21355;30103;20727;-;459;-;11410;11314;-;95;-;8917;1611;3322;0,00;844;430;5048;-1800;0
2024-04-19;18;21223;29370;20662;-;852;-;12002;11668;-;334;-;7856;1446;2252;0,00;539;680;4223;-2492;0
2024-04-19;19;21626;27955;20502;-;1095;-;13977;13473;-;504;-;6358;1343;810;0,00;730;556;2879;-4868;0
2024-04-19;20;22539;27584;20572;-;1348;-;15416;14654;-;762;-;5664;1429;52;0,00;875;527;1545;-6066;0
2024-04-19;21;22703;28024;20805;-;1351;-;15310;14560;-;750;-;5868;1633;0;0,00;939;575;1817;-5876;0
2024-04-19;22;20931;28055;20577;-;1334;-;13507;13262;-;245;-;6144;1921;0;0,00;517;708;2191;-5047;0
2024-04-19;23;19475;27676;20374;-;1349;-;11638;11638;-;0;-;5953;1829;0;0,00;937;843;3129;-3728;0
2024-04-19;24;18200;27648;20586;-;992;-;10778;10778;-;0;-;6070;2007;0;0,00;695;630;4166;-2919;0
2024-04-20;1;17333;27132;20720;-;424;-;10274;10274;-;0;-;5988;2059;0;24,00;579;466;3544;-3089;0
2024-04-20;2;16792;27121;20670;-;256;-;10077;10077;-;0;-;6195;2274;0;32,00;74;464;3727;-2856;0
2024-04-20;3;16183;26998;20450;-;257;-;9863;9863;-;0;-;6291;2400;0;32,00;-427;461;3708;-2775;0
2024-04-20;4;15951;27036;20451;-;34;-;9414;9414;-;0;-;6551;2650;0;32,00;-444;461;4184;-2276;0
2024-04-20;5;15892;27341;20663;-;0;-;9208;9208;-;0;-;6678;2771;0;32,00;-424;463;4569;-2022;0
2024-04-20;6;16233;27285;20670;-;0;-;9361;9361;-;0;-;6615;2719;3;24,00;-184;410;4322;-2231;0
2024-04-20;7;17661;27683;20654;-;95;-;9737;9737;-;0;-;6934;2647;373;0,00;540;460;3971;-2492;0
2024-04-20;8;18236;29009;20805;-;204;-;9556;9438;-;118;-;8000;2581;1442;11,00;660;316;4588;-1893;0
2024-04-20;9;18797;30891;20999;-;543;-;8911;8368;-;543;-;9349;2817;2558;17,00;280;330;5477;-1026;0
2024-04-20;10;19401;32147;21012;-;576;-;8636;8060;-;576;-;10559;3346;3314;22,00;-58;288;5775;-777;0
2024-04-20;11;19738;32568;20850;-;347;-;8336;7989;-;347;-;11371;3648;3844;22,00;-153;383;6019;-483;0
2024-04-20;12;19745;32646;21029;-;0;-;8286;8286;-;0;-;11617;3560;4172;621,00;145;235;5648;-1039;0
2024-04-20;13;20001;32975;20949;-;0;-;8315;8315;-;0;-;12026;3587;4567;785,00;404;27;5683;-999;0
2024-04-20;14;19492;32938;20967;-;0;-;8018;8018;-;0;-;11971;3811;4291;785,00;805;-375;6136;-546;0
2024-04-20;15;19203;32921;21258;-;0;-;8284;8284;-;0;-;11663;3884;3907;783,00;424;-394;6023;-963;0
2024-04-20;16;19046;32242;21128;-;0;-;8678;8678;-;0;-;11114;3745;3477;767,00;315;-285;5601;-1271;0
2024-04-20;17;18992;31167;21053;-;78;-;9452;9442;-;10;-;10036;3460;2652;499,00;-403;450;4901;-1810;0
2024-04-20;18;18888;30264;21038;-;354;-;10056;9929;-;128;-;8872;2984;1844;0,00;-704;642;4570;-2319;0
2024-04-20;19;19466;29209;21038;-;756;-;10877;10399;-;478;-;7415;2411;871;0,00;606;625;4210;-2679;0
2024-04-20;20;20049;28560;21038;-;1291;-;12532;11759;-;773;-;6231;1940;78;0,00;455;831;2983;-3857;0
2024-04-20;21;19967;28279;21112;-;1349;-;12781;12062;-;720;-;5818;1608;0;0,00;368;916;2687;-4270;0
2024-04-20;22;19083;27922;20986;-;1349;-;12121;11525;-;596;-;5587;1393;0;0,00;447;901;3154;-3803;0
2024-04-20;23;17789;27536;20986;-;1297;-;10870;10397;-;473;-;5253;1150;0;0,00;744;933;4126;-2836;0
2024-04-20;24;16597;27332;20991;-;1065;-;9491;9152;-;338;-;5276;1206;0;0,00;836;997;4537;-2055;0
2024-04-21;1;15388;27145;21092;-;781;-;8737;8403;-;334;-;5272;1322;0;0,00;451;950;4770;-1697;0
2024-04-21;2;14733;26676;21091;-;242;-;7833;7592;-;242;-;5343;1395;0;0,00;638;927;5568;-899;0
2024-04-21;3;14277;26644;21091;-;136;-;7847;7761;-;86;-;5417;1475;0;0,00;88;930;5396;-1071;0
2024-04-21;4;14080;26829;21091;-;205;-;7773;7754;-;19;-;5533;1605;0;0,00;-169;919;5374;-1093;0
2024-04-21;5;14018;26952;21104;-;160;-;7790;7766;-;25;-;5688;1764;0;0,00;-336;901;5425;-1053;0
2024-04-21;6;13965;27121;21167;-;51;-;7531;7514;-;17;-;5903;1967;5;0,00;-212;838;5758;-732;0
2024-04-21;7;14147;27672;21153;-;0;-;7348;7348;-;0;-;6519;2129;411;63,00;249;723;6400;-19;0
2024-04-21;8;15307;29384;21153;-;0;-;7367;7367;-;0;-;8231;2166;2070;236,00;-480;697;6043;-376;0
2024-04-21;9;16590;30921;21148;-;0;-;7395;7395;-;0;-;9773;2186;3621;562,00;-399;430;5804;-610;0
2024-04-21;10;17474;32284;21153;-;34;-;7387;7387;-;0;-;11097;2454;4725;806,00;590;-560;6060;-422;0
2024-04-21;11;18204;33324;21148;-;0;-;7261;7259;-;0;-;12176;2730;5555;881,00;1092;-1062;6330;-217;0
2024-04-21;12;18431;33599;21139;-;0;-;7190;7190;-;0;-;12460;3056;5533;913,00;885;-956;6245;-345;0
2024-04-21;13;18367;33428;21139;-;0;-;7170;7170;-;0;-;12289;3414;5028;815,00;582;-670;6219;-391;0
2024-04-21;14;18210;33526;21139;-;0;-;7170;7170;-;0;-;12387;3839;4690;816,00;992;-1062;6492;-118;0
2024-04-21;15;18106;33259;21139;-;0;-;7229;7229;-;0;-;12120;4168;4084;855,00;992;-1062;6293;-262;0
2024-04-21;16;17871;33017;21144;-;101;-;7304;7304;-;0;-;11772;4469;3412;922,00;992;-1062;6193;-367;0
2024-04-21;17;17855;32054;20689;-;192;-;7253;7253;-;0;-;11173;4725;2538;361,00;989;-1059;5917;-418;0
2024-04-21;18;18003;30791;20234;-;462;-;7633;7633;-;0;-;10095;4576;1555;11,00;-111;157;4969;-1139;0
2024-04-21;19;18404;29888;20239;-;627;-;8163;8117;-;47;-;9022;4296;656;6,00;556;760;5045;-1198;0
2024-04-21;20;19130;29725;20336;-;1349;-;11107;10248;-;859;-;8040;3862;73;0,00;-1024;955;2867;-3376;0
2024-04-21;21;19144;29943;21057;-;1349;-;11111;10375;-;736;-;7537;3415;0;0,00;-549;995;3463;-3226;0
2024-04-21;22;18360;29353;21032;-;1349;-;10874;10209;-;665;-;6972;2823;0;0,00;-540;996;3595;-3062;0
2024-04-21;23;17466;29130;21000;-;1349;-;10814;10471;-;343;-;6781;2618;0;0,00;-1163;1001;3327;-3344;0
2024-04-21;24;16246;29216;21000;-;1349;-;9199;9199;-;0;-;6867;2720;0;0,00;-772;1001;4681;-1998;0
2024-04-22;1;15496;27819;21010;-;169;-;8953;8953;-;0;-;6640;2556;0;81,00;-1059;1000;4904;-1777;0
2024-04-22;2;15045;27410;20890;-;34;-;8899;8899;-;0;-;6486;2398;0;299,00;-1050;989;5030;-1531;0
2024-04-22;3;14925;27267;20850;-;0;-;8980;8980;-;0;-;6417;2327;0;403,00;-1050;981;5148;-1453;0
2024-04-22;4;15092;27217;20850;-;0;-;9149;9149;-;0;-;6367;2278;0;387,00;-1050;981;5168;-1596;0
2024-04-22;5;15513;27337;20850;-;236;-;9656;9656;-;0;-;6251;2162;0;336,00;-1095;989;4837;-1902;0
2024-04-22;6;16658;27422;20850;-;404;-;10613;10613;-;0;-;6168;2054;10;155,00;-1013;994;4519;-2202;0
2024-04-22;7;19649;28298;20360;-;1054;-;12291;12223;-;68;-;6884;2204;479;0,00;-298;847;3423;-3255;0
2024-04-22;8;22002;29294;19752;-;1263;-;14460;13800;-;660;-;8279;2270;1704;0,00;-588;-219;2710;-4776;0
2024-04-22;9;22957;30868;20105;-;1277;-;14008;13662;-;346;-;9486;2360;2887;0,00;-14;-578;3217;-4324;0
2024-04-22;10;22942;31648;20168;-;909;-;12590;12478;-;113;-;10571;2280;4162;56,00;273;-433;4521;-3083;0
2024-04-22;11;22857;31628;20158;-;814;-;12514;12514;-;0;-;10656;2040;4533;74,00;-887;632;4456;-3108;0
2024-04-22;12;23064;32013;20373;-;780;-;12484;12484;-;0;-;10860;2091;4719;107,00;-749;579;4499;-3055;0
2024-04-22;13;23143;32136;20368;-;976;-;12570;12570;-;0;-;10792;2188;4569;151,00;-709;539;4306;-3243;0
2024-04-22;14;22935;31583;20346;-;1183;-;13242;13242;-;0;-;10054;2114;3922;132,00;-952;630;3639;-3888;0
2024-04-22;15;22532;30916;20323;-;1169;-;13175;13175;-;0;-;9424;1975;3434;134,00;-509;580;3863;-3641;0
2024-04-22;16;22342;29819;20333;-;862;-;12762;12762;-;0;-;8624;1747;2858;288,00;560;554;4396;-3133;0
2024-04-22;17;22308;28489;20105;-;738;-;13128;13128;-;0;-;7646;1469;2096;241,00;1121;575;4295;-3233;0
2024-04-22;18;22106;27683;20110;-;745;-;13366;13366;-;0;-;6828;1243;1350;108,00;1045;994;4655;-3133;0
2024-04-22;19;22310;26844;20110;-;845;-;14369;14369;-;0;-;5889;946;590;6,00;1036;996;4053;-4340;0
2024-04-22;20;23168;26568;20169;-;1271;-;17990;17128;-;863;-;5128;699;66;0,00;-677;646;1298;-7054;0
2024-04-22;21;23484;26533;20289;-;1281;-;18514;17578;-;936;-;4963;541;0;0,00;-96;46;991;-7481;0
2024-04-22;22;21828;26409;20229;-;1274;-;15610;15401;-;209;-;4906;464;0;3,00;309;992;2867;-5430;0
2024-04-22;23;20081;26268;20359;-;1281;-;13128;13128;-;0;-;4628;426;0;35,00;1349;1001;5102;-3298;0
2024-04-22;24;18682;26110;20284;-;1252;-;11876;11876;-;0;-;4574;413;0;75,00;1269;1001;5799;-2455;0
2024-04-23;1;17570;24484;19925;-;8;-;11498;11498;-;0;-;4551;398;0;81,00;605;983;4948;-2618;0
2024-04-23;2;17046;24499;19925;-;0;-;11322;11322;-;0;-;4574;392;0;133,00;309;953;5117;-2449;0
2024-04-23;3;16920;24693;20132;-;0;-;11095;11095;-;0;-;4561;397;0;166,00;467;952;5494;-2212;0
2024-04-23;4;17031;24763;20177;-;0;-;11504;11504;-;0;-;4586;419;0;408,00;419;918;5060;-2676;0
2024-04-23;5;17415;24902;20272;-;0;-;11796;11796;-;0;-;4630;465;0;428,00;486;945;4783;-2943;0
2024-04-23;6;18166;25473;20272;-;397;-;12565;12565;-;0;-;4804;607;16;341,00;488;747;4097;-3616;0
2024-04-23;7;20689;26644;20202;-;1089;-;14811;14343;-;468;-;5353;594;547;0,00;174;336;2137;-5444;0
2024-04-23;8;22504;29054;20343;-;1261;-;15157;14458;-;699;-;7450;538;2572;0,00;-366;261;2176;-5601;0
2024-04-23;9;22830;30770;20328;-;1265;-;14770;14215;-;555;-;9177;555;4375;0,00;-1144;-202;2177;-5307;0
2024-04-23;10;22305;32037;20328;-;547;-;12003;11873;-;130;-;11162;655;6439;334,00;123;-544;4853;-2611;0
2024-04-23;11;21718;32626;20318;-;65;-;10302;10237;-;65;-;12243;766;7492;557,00;192;-462;6375;-1057;0
2024-04-23;12;21981;31799;20262;-;0;-;11461;11461;-;0;-;11537;786;6804;612,00;-452;-43;5004;-2433;0
2024-04-23;13;21849;31436;20236;-;297;-;12223;12223;-;0;-;10903;872;6138;504,00;-1010;138;4206;-3048;0
2024-04-23;14;21124;31390;20373;-;0;-;11706;11706;-;0;-;11017;838;6338;734,00;-909;138;5054;-2304;0
2024-04-23;15;20709;31526;20478;-;0;-;10898;10898;-;0;-;11048;763;6456;496,00;-708;156;6063;-1600;0
2024-04-23;16;20868;30754;20478;-;0;-;10895;10895;-;0;-;10276;645;5784;296,00;-164;138;5924;-1730;0
2024-04-23;17;21428;29748;20478;-;439;-;12379;12379;-;0;-;8831;584;4371;44,00;108;138;4465;-2989;0
2024-04-23;18;21289;28619;20553;-;951;-;13323;13323;-;0;-;7115;428;2718;11,00;724;154;3755;-3836;0
2024-04-23;19;21917;27328;20553;-;1115;-;14289;14130;-;159;-;5660;332;1110;6,00;1699;501;3185;-4902;0
2024-04-23;20;22700;26496;20464;-;1273;-;16695;15961;-;735;-;4759;370;124;0,00;854;364;1010;-6875;0
2024-04-23;21;22733;26627;20495;-;1275;-;16491;15746;-;745;-;4857;561;0;0,00;991;439;1329;-6630;0
2024-04-23;22;21051;26959;20571;-;1271;-;13322;13303;-;19;-;5117;819;0;0,00;1966;714;3871;-4254;0
2024-04-23;23;19364;27153;20638;-;1274;-;11189;11189;-;0;-;5241;1147;0;0,00;2077;880;6006;-2208;0
2024-04-23;24;17988;27395;20641;-;1234;-;10141;10141;-;0;-;5520;1496;0;253,00;1983;690;7128;-1063;0
2024-04-24;1;17323;25385;19682;-;0;-;10134;10134;-;0;-;5703;1688;0;487,00;1265;650;6025;-1447;0
2024-04-24;2;16795;25583;19682;-;0;-;9798;9798;-;0;-;5901;1903;0;617,00;1252;506;6464;-1008;0
2024-04-24;3;16651;25590;19612;-;0;-;9816;9816;-;0;-;5978;1986;0;616,00;995;496;6349;-1053;0
2024-04-24;4;16663;25527;19547;-;0;-;9839;9839;-;0;-;5980;1991;0;615,00;1025;472;6281;-1089;0
2024-04-24;5;17057;25439;19547;-;0;-;10267;10267;-;0;-;5892;1903;0;428,00;918;384;5791;-1556;0
2024-04-24;6;17839;25372;19552;-;0;-;10744;10744;-;0;-;5820;1801;6;247,00;908;644;5372;-1980;0
2024-04-24;7;20471;26054;19877;-;0;-;12440;12440;-;0;-;6177;1756;297;22,00;1342;528;3966;-3691;0
2024-04-24;8;22409;27575;19815;-;1053;-;14038;13807;-;238;-;6707;1066;1477;0,00;1180;438;2504;-5099;0
2024-04-24;9;23030;28215;19763;-;1211;-;14183;13894;-;289;-;7241;521;2574;0,00;874;644;2317;-5150;0
2024-04-24;10;22976;28595;19648;-;557;-;13054;12909;-;144;-;8390;297;4020;0,00;744;763;3416;-4103;0
2024-04-24;11;22485;29454;19369;-;45;-;11038;10993;-;45;-;10040;358;5682;189,00;1162;531;5233;-2100;0
2024-04-24;12;22630;29046;18763;-;34;-;10833;10799;-;34;-;10249;423;5844;148,00;1057;632;4716;-2179;0
2024-04-24;13;22647;28790;18690;-;91;-;11183;11183;-;0;-;10009;517;5527;260,00;989;680;4220;-2655;0
2024-04-24;14;22258;28346;18705;-;111;-;11139;11139;-;0;-;9530;593;4963;225,00;1165;577;4253;-2612;0
2024-04-24;15;22037;27940;18943;-;0;-;11203;11203;-;0;-;8997;691;4316;86,00;1297;580;4477;-2391;0
2024-04-24;16;22086;27676;19019;-;289;-;11860;11860;-;0;-;8368;815;3541;32,00;1219;680;4071;-2836;0
2024-04-24;17;21991;27069;18902;-;500;-;12145;12145;-;0;-;7667;904;2721;32,00;1448;782;3847;-3031;0
2024-04-24;18;21977;26970;18988;-;1080;-;13090;13090;-;0;-;6902;1010;1802;8,00;1168;855;3339;-3805;0
2024-04-24;19;22263;26322;19103;-;1210;-;14344;14072;-;272;-;6009;1018;807;0,00;1139;770;2461;-4919;0
2024-04-24;20;22718;26512;19714;-;1276;-;15718;14536;-;1181;-;5522;1137;118;0,00;682;807;2620;-5321;0
2024-04-24;21;22795;26624;19797;-;1281;-;16315;15078;-;1237;-;5546;1229;0;0,00;103;833;2139;-5891;0
2024-04-24;22;21448;26689;19916;-;1281;-;14305;13909;-;396;-;5492;1192;0;0,00;597;996;3287;-4782;0
2024-04-24;23;19797;26451;20043;-;1281;-;12233;12201;-;33;-;5127;1034;0;0,00;1443;1001;5076;-3108;0
2024-04-24;24;18483;26219;20070;-;1252;-;11324;11324;-;0;-;4897;888;0;0,00;1232;1001;5921;-2268;0
2024-04-25;1;17391;24495;19758;-;0;-;10514;10514;-;0;-;4737;787;0;0,00;1172;975;6455;-1422;0
2024-04-25;2;16955;24487;19758;-;0;-;10334;10334;-;0;-;4729;773;0;53,00;1304;632;6620;-1257;0
2024-04-25;3;16605;24486;19758;-;0;-;10066;10066;-;0;-;4728;761;0;424,00;1617;630;6908;-969;0
2024-04-25;4;16543;24479;19758;-;0;-;10271;10271;-;0;-;4721;759;0;554,00;1262;818;6666;-1211;0
2024-04-25;5;16931;24480;19773;-;0;-;10363;10363;-;0;-;4707;747;0;294,00;1158;980;6581;-1296;0
2024-04-25;6;17952;24670;19750;-;134;-;10876;10876;-;0;-;4786;731;71;166,00;1663;840;6082;-1745;0
2024-04-25;7;20724;26411;20082;-;1085;-;13564;13020;-;544;-;5244;636;544;0,00;1217;644;4117;-3970;0
2024-04-25;8;22180;28108;19899;-;1281;-;14415;13621;-;794;-;6928;504;2262;0,00;758;-118;3081;-4713;0
2024-04-25;9;22945;29371;19942;-;1088;-;13316;13049;-;266;-;8341;385;3846;0,00;1634;-388;3829;-3762;0
2024-04-25;10;22467;30864;20031;-;585;-;11703;11703;-;0;-;10248;348;5929;3,00;598;-73;5313;-2469;0
2024-04-25;11;22035;31942;20046;-;432;-;11183;11183;-;0;-;11464;397;7139;44,00;-78;-662;5671;-2130;0
2024-04-25;12;22304;31861;19693;-;645;-;11352;11352;-;0;-;11523;554;7056;195,00;683;-1062;5317;-2308;0
2024-04-25;13;22008;31983;19724;-;303;-;10702;10702;-;0;-;11956;696;7358;630,00;658;-677;6001;-1751;0
2024-04-25;14;21652;32197;19895;-;68;-;10230;10230;-;0;-;12234;904;7404;628,00;240;-211;6777;-848;0
2024-04-25;15;21179;31726;20115;-;101;-;10520;10520;-;0;-;11510;1166;6448;628,00;307;-276;6925;-504;0
2024-04-25;16;20812;31500;20184;-;412;-;10649;10649;-;0;-;10904;1094;5914;295,00;-237;268;7249;-157;0
2024-04-25;17;20909;30464;20197;-;269;-;10396;10396;-;0;-;9998;1017;5029;19,00;930;283;7661;0;0
2024-04-25;18;20759;29705;20233;-;590;-;10728;10593;-;135;-;8882;1417;3470;0,00;1061;410;7559;-325;0
2024-04-25;19;21535;28205;20519;-;990;-;12517;11785;-;733;-;6696;1161;1369;0,00;1824;646;6526;-1849;0
2024-04-25;20;22352;26621;20325;-;1260;-;15953;15106;-;847;-;5036;657;152;0,00;650;794;2945;-5161;0
2024-04-25;21;22257;26814;20395;-;1281;-;16481;15646;-;835;-;5138;902;0;0,00;-241;815;2290;-5876;0
2024-04-25;22;21108;27006;20452;-;1281;-;13350;12971;-;379;-;5273;1065;0;24,00;1812;665;4677;-3396;0
2024-04-25;23;19759;27345;20527;-;1281;-;11289;11289;-;0;-;5537;1544;0;32,00;2289;619;5220;-2700;0
2024-04-25;24;18531;27225;20610;-;961;-;10241;10241;-;0;-;5654;1756;0;32,00;1928;690;5778;-1958;0
2024-04-26;1;17266;26757;20620;-;0;-;9955;9955;-;0;-;6137;2115;0;0,00;451;855;5794;-1784;0
2024-04-26;2;16631;26745;20620;-;0;-;9926;9926;-;0;-;6125;2093;0;0,00;-587;980;5444;-2143;0
2024-04-26;3;16519;26739;20620;-;0;-;10418;10418;-;0;-;6119;2080;0;0,00;-894;925;5187;-2400;0
2024-04-26;4;16614;26694;20661;-;0;-;10365;10365;-;0;-;6033;1987;0;0,00;-761;972;5227;-2360;0
2024-04-26;5;17022;26641;20725;-;0;-;10274;10274;-;0;-;5916;1876;0;0,00;-85;928;5378;-2214;0
2024-04-26;6;17656;26713;20857;-;0;-;10655;10655;-;0;-;5856;1718;35;0,00;513;638;5037;-2555;0
2024-04-26;7;20159;28028;20852;-;710;-;12336;12045;-;291;-;6466;1555;830;0,00;810;594;3759;-3878;0
2024-04-26;8;21702;31015;20847;-;1071;-;12387;12060;-;327;-;9097;1201;3942;0,00;-358;573;3689;-3730;0
2024-04-26;9;22722;32703;20812;-;1124;-;12683;12406;-;277;-;10767;401;6472;0,00;-1500;154;2692;-4660;0
2024-04-26;10;21692;34198;20684;-;478;-;10683;10624;-;58;-;13036;56;9222;325,00;-842;-905;4729;-2434;0
2024-04-26;11;21077;35947;20613;-;0;-;8670;8670;-;0;-;15334;862;10781;791,00;-334;-1019;7134;0;0
2024-04-26;12;20964;35359;20549;-;34;-;8848;8848;-;0;-;14776;1111;10036;1051,00;-851;-872;6109;-868;0
2024-04-26;13;21357;34208;20322;-;203;-;9283;9283;-;0;-;13683;1397;8674;937,00;-254;-588;5390;-1487;0
2024-04-26;14;21157;32739;20309;-;406;-;10040;10040;-;0;-;12024;1502;6908;728,00;217;-540;4648;-2212;0
2024-04-26;15;20992;31573;20289;-;614;-;10578;10578;-;0;-;10670;1531;5515;214,00;914;-883;4332;-2528;0
2024-04-26;16;20188;31342;20497;-;101;-;9770;9770;-;0;-;10744;1839;5228;228,00;584;-553;5551;-1274;0
2024-04-26;17;20597;31305;20742;-;776;-;11056;11056;-;0;-;9787;1837;4218;434,00;342;-312;4569;-2384;0
2024-04-26;18;20738;29517;20787;-;214;-;10778;10775;-;0;-;8516;1448;3179;176,00;1108;696;5773;-1574;0
2024-04-26;19;21136;28206;20797;-;947;-;12760;12755;-;5;-;6462;1038;1479;0,00;1056;890;3912;-3596;0
2024-04-26;20;21782;27315;20762;-;1281;-;15417;14521;-;896;-;5272;1046;191;0,00;222;875;2071;-5217;0
2024-04-26;21;22146;28074;20887;-;1281;-;15177;14368;-;808;-;5906;1884;0;0,00;211;839;2417;-5247;0
2024-04-26;22;20698;28649;20975;-;1281;-;13016;12565;-;451;-;6393;2531;0;0,00;412;875;3811;-3661;0
2024-04-26;23;18714;29477;21044;-;1314;-;10693;10510;-;183;-;7119;3309;0;0,00;239;845;5880;-1732;0
2024-04-26;24;17008;29893;21157;-;994;-;9277;9146;-;131;-;7742;3887;0;0,00;-978;997;5978;-1180;0
2024-04-27;1;16181;29269;20942;-;442;-;10176;9734;-;442;-;7885;4092;0;0,00;-3174;961;3226;-3093;0
2024-04-27;2;16044;29187;20947;-;410;-;10079;9669;-;410;-;7830;4083;0;0,00;-2995;994;3296;-2931;0
2024-04-27;3;15866;28297;20473;-;163;-;9114;8960;-;154;-;7661;3954;0;0,00;-1789;837;3086;-2669;0
2024-04-27;4;15833;28458;20473;-;725;-;9549;9466;-;83;-;7260;3556;0;0,00;-2029;980;1965;-3505;0
2024-04-27;5;15963;28003;20488;-;664;-;9520;9439;-;81;-;6851;3159;0;0,00;-1441;980;2012;-3458;0
2024-04-27;6;15536;27956;20515;-;865;-;9471;9386;-;85;-;6576;2820;33;0,00;-1588;962;2003;-3467;0
2024-04-27;7;16269;28610;20682;-;932;-;9364;9251;-;113;-;6996;2559;684;0,00;-974;907;2392;-3193;0
2024-04-27;8;17127;30505;20787;-;534;-;7762;7572;-;191;-;9184;2265;3210;0,00;-811;950;4001;-1596;0
2024-04-27;9;18824;31342;20800;-;783;-;8515;8515;-;0;-;9759;1324;4854;0,00;-9;142;2673;-2924;0
2024-04-27;10;18280;32271;20790;-;330;-;7620;7620;-;0;-;11151;569;7198;205,00;939;-909;4046;-1415;0
2024-04-27;11;18121;33815;20765;-;34;-;6025;6025;-;0;-;13016;669;9055;972,00;1010;-1052;4422;-738;0
2024-04-27;12;18156;34338;20750;-;118;-;6000;6000;-;0;-;13470;782;9468;1139,00;977;-1048;4515;-626;0
2024-04-27;13;17585;33829;20745;-;0;-;5742;5742;-;0;-;13084;1034;8829;1137,00;992;-1062;4697;-439;0
2024-04-27;14;17864;33201;20740;-;452;-;6595;6595;-;0;-;12009;1372;7447;879,00;992;-1062;3598;-1533;0
2024-04-27;15;17609;32662;20735;-;492;-;6668;6668;-;0;-;11435;1204;7004;890,00;992;-1062;3287;-1839;0
2024-04-27;16;17330;31378;20735;-;80;-;7414;7414;-;0;-;10563;1030;6236;741,00;1092;-1062;3136;-1890;0
2024-04-27;17;17045;30189;20735;-;31;-;7979;7979;-;0;-;9423;1005;5059;256,00;1008;-978;3304;-1912;0
2024-04-27;18;17450;29152;20715;-;750;-;9761;9658;-;103;-;7687;1006;3160;0,00;504;-593;2295;-3361;0
2024-04-27;19;17515;27638;20655;-;979;-;10925;10098;-;826;-;6004;1193;1276;0,00;50;595;2540;-3397;0
2024-04-27;20;18171;27324;20680;-;1220;-;12377;11187;-;1191;-;5424;1740;148;0,00;-684;992;1637;-4314;0
2024-04-27;21;19014;27269;20655;-;1224;-;13070;11888;-;1183;-;5390;1812;0;0,00;-679;992;732;-5187;0
2024-04-27;22;18100;27566;20674;-;1171;-;12262;11372;-;890;-;5721;2173;0;0,00;-731;992;1651;-4319;0
2024-04-27;23;16204;28822;20705;-;978;-;9077;8864;-;212;-;7139;3611;0;0,00;-905;952;3724;-2240;0
2024-04-27;24;14543;29514;20705;-;904;-;6589;6538;-;52;-;7905;4425;0;8,00;-950;997;4650;-783;0
2024-04-28;1;14218;29561;21019;-;0;-;5955;5955;-;0;-;8542;5100;0;22,00;-838;868;5103;-202;0
2024-04-28;2;13805;29515;21024;-;0;-;5901;5901;-;0;-;8491;5102;0;22,00;362;-332;5345;0;0
2024-04-28;3;13315;29386;21029;-;0;-;5719;5719;-;0;-;8357;4965;0;22,00;1092;-1062;5250;0;0
2024-04-28;4;13250;29041;21029;-;0;-;5553;5553;-;0;-;8012;4666;0;0,00;586;-556;4539;-140;0
2024-04-28;5;13212;28923;21083;-;0;-;5558;5558;-;0;-;7840;4509;0;0,00;471;-441;4404;-269;0
2024-04-28;6;12875;29050;21191;-;24;-;5582;5558;-;24;-;7835;4454;45;0,00;530;-522;4742;0;0
2024-04-28;7;13343;30033;21419;-;31;-;5577;5546;-;31;-;8583;4340;916;0,00;1092;-1062;5047;0;0
2024-04-28;8;14310;31923;21409;-;66;-;5448;5382;-;66;-;10448;4502;2691;0,00;410;-879;5470;0;0
2024-04-28;9;15608;31718;21409;-;194;-;6417;6349;-;68;-;10115;2653;4245;0,00;29;-1000;3341;-1444;0
2024-04-28;10;15798;31812;21389;-;722;-;6950;6873;-;77;-;9701;1469;5057;0,00;-283;-1052;1936;-2658;0
2024-04-28;11;15499;33005;21346;-;504;-;5036;5036;-;0;-;11155;2505;5514;607,00;-407;-1062;2436;-1925;0
2024-04-28;12;15355;34588;21321;-;228;-;4895;4895;-;0;-;13039;4187;5743;890,00;-778;-1062;3783;-553;0
2024-04-28;13;15790;34551;21311;-;0;-;5003;5003;-;0;-;13240;4904;5236;892,00;-341;-1062;3975;-256;0
2024-04-28;14;15258;33442;21296;-;647;-;5305;5305;-;0;-;11499;4653;3746;1003,00;-841;-1062;2141;-2028;0
2024-04-28;15;15043;32849;21286;-;641;-;6207;6207;-;0;-;10922;3914;3845;954,00;-654;-932;2135;-2016;0
2024-04-28;16;15076;32093;21286;-;858;-;6911;6911;-;0;-;9949;3552;3269;681,00;-815;-857;1315;-2825;0
2024-04-28;17;15189;31457;21075;-;402;-;5840;5840;-;0;-;9980;3238;3578;704,00;601;-670;2602;-1323;0
2024-04-28;18;15364;31636;21101;-;199;-;5577;5577;-;0;-;10336;3929;3216;301,00;806;-857;3239;-612;0
2024-04-28;19;16644;30232;20719;-;890;-;7626;7406;-;220;-;8623;3901;1343;16,00;459;-450;860;-3027;0
2024-04-28;20;17425;29352;20742;-;1133;-;8791;8023;-;768;-;7477;3814;187;0,00;325;737;705;-3204;0
2024-04-28;21;18343;29140;20652;-;1089;-;8979;8268;-;711;-;7399;3928;0;0,00;353;984;0;-3979;0
2024-04-28;22;17677;29047;20442;-;794;-;8293;8071;-;222;-;7811;4313;0;0,00;161;966;6;-3725;0
2024-04-28;23;16066;30269;20824;-;858;-;7228;7127;-;101;-;8587;5122;0;0,00;-798;997;1354;-2442;0
2024-04-28;24;15243;30757;20969;-;786;-;6250;6234;-;17;-;9002;5591;0;0,00;-965;997;2485;-1441;0
2024-04-29;1;14662;30367;21283;-;355;-;6438;6438;-;0;-;8729;5346;0;327,00;-1180;950;2666;-1513;0
2024-04-29;2;14469;30253;21396;-;366;-;6940;6940;-;0;-;8491;5087;0;686,00;-1265;950;2673;-1845;0
2024-04-29;3;14236;29656;21401;-;130;-;6964;6964;-;0;-;8125;4689;0;704,00;-1112;950;2985;-1728;0
2024-04-29;4;14429;28974;21211;-;164;-;7280;7280;-;0;-;7599;4113;0;494,00;-951;950;2826;-1697;0
2024-04-29;5;13972;28404;21211;-;0;-;7482;7482;-;0;-;7193;3707;0;427,00;-1148;950;3752;-1111;0
2024-04-29;6;14776;28225;21211;-;34;-;7955;7922;-;34;-;6980;3433;51;86,00;-994;950;4407;-734;0
2024-04-29;7;17834;29367;21211;-;706;-;11270;10592;-;678;-;7450;3022;863;0,00;-1299;427;3454;-3056;0
2024-04-29;8;19459;31885;20732;-;1073;-;12200;11260;-;940;-;10080;2764;3787;0,00;-3024;179;2787;-3748;0
2024-04-29;9;20589;32135;20669;-;939;-;11879;11503;-;376;-;10527;1509;5467;0,00;-3272;920;2020;-4487;0
2024-04-29;10;20207;32427;20444;-;13;-;8848;8835;-;10;-;11970;902;7673;159,00;-1128;950;5420;-1227;0
2024-04-29;11;19667;33898;19984;-;10;-;7578;7568;-;10;-;13904;978;9633;857,00;-1163;563;6043;-206;0
2024-04-29;12;19644;33570;19974;-;10;-;7615;7605;-;10;-;13586;1213;9199;922,00;27;-627;5671;-560;0
2024-04-29;13;19795;33520;19959;-;10;-;7740;7730;-;10;-;13551;1350;9054;920,00;88;-688;5473;-743;0
2024-04-29;14;19923;32981;19458;-;10;-;7900;7890;-;10;-;13513;1469;8890;922,00;492;-1092;4805;-860;0
2024-04-29;15;19910;32691;19448;-;10;-;8194;8184;-;10;-;13233;1645;8434;908,00;133;-772;4504;-1146;0
2024-04-29;16;20171;31778;19398;-;10;-;8652;8642;-;10;-;12370;1660;7558;868,00;-528;428;3959;-1686;0
2024-04-29;17;19819;30279;19673;-;98;-;9942;9932;-;10;-;10508;1578;5672;564,00;-1019;950;3047;-2403;0
2024-04-29;18;20013;29417;19861;-;221;-;10504;10496;-;8;-;9335;1550;4446;147,00;-292;600;3398;-2409;0
2024-04-29;19;20861;28107;20324;-;874;-;12951;12577;-;374;-;6909;1934;1579;0,00;44;950;2417;-4201;0
2024-04-29;20;21252;28150;20827;-;1351;-;14853;13955;-;898;-;5972;2253;215;0,00;-23;448;1119;-5471;0
2024-04-29;21;21536;28569;20906;-;1456;-;14587;13658;-;929;-;6207;2693;0;0,00;152;576;1485;-5184;0
2024-04-29;22;20010;29138;20939;-;1320;-;12988;12251;-;737;-;6879;3365;0;0,00;-619;950;3125;-3717;0
2024-04-29;23;18143;29918;21001;-;1427;-;10010;9546;-;464;-;7490;4099;0;0,00;-255;950;4286;-1963;0
2024-04-29;24;16732;30258;21039;-;1411;-;8082;8082;-;0;-;7808;4406;0;17,00;61;924;4829;-1084;0
2024-04-30;1;15911;28734;21051;-;0;-;8344;8344;-;0;-;7683;4356;0;38,00;-1151;950;4393;-1650;0
2024-04-30;2;15427;28680;21051;-;0;-;7975;7975;-;0;-;7629;4301;0;156,00;-965;950;4890;-1153;0
2024-04-30;3;15077;28355;21051;-;0;-;7820;7820;-;0;-;7304;3973;0;78,00;-950;950;5008;-1035;0
2024-04-30;4;15035;28077;21051;-;0;-;8064;8064;-;0;-;7026;3705;0;51,00;-976;950;4774;-1269;0
2024-04-30;5;15110;28052;21051;-;0;-;8132;8132;-;0;-;7001;3696;0;24,00;-950;950;4726;-1317;0
2024-04-30;6;15478;28303;21051;-;0;-;8412;8412;-;0;-;7252;3898;59;0,00;-1045;948;4536;-1507;0
2024-04-30;7;18147;29957;21051;-;702;-;10737;10724;-;14;-;8204;3978;895;0,00;-1747;850;2033;-4010;0
2024-04-30;8;19787;32397;21046;-;853;-;10376;9756;-;620;-;10498;3584;3596;0,00;-1682;850;3353;-2379;0
2024-04-30;9;20442;33344;20998;-;1119;-;10333;9610;-;723;-;11227;2047;5891;32,00;-2346;950;2887;-2702;0
2024-04-30;10;19982;34195;21009;-;216;-;7666;7450;-;216;-;12970;1192;8552;128,00;-1234;772;4916;-1010;0
2024-04-30;11;18949;33718;20736;-;0;-;6833;6833;-;0;-;12982;1400;8447;699,00;255;-428;5430;-524;0
2024-04-30;12;18423;34142;20716;-;0;-;6852;6852;-;0;-;13426;1688;8666;1045,00;144;-1045;5306;-628;0
2024-04-30;13;19393;35388;20711;-;0;-;6838;6838;-;0;-;14677;1928;9663;1141,00;193;-1092;5488;-441;0
2024-04-30;14;18990;34751;20701;-;0;-;6826;6826;-;0;-;14050;2308;8660;1139,00;729;-1092;5794;-125;0
2024-04-30;15;18986;35117;20696;-;0;-;6664;6664;-;0;-;14421;2788;8566;1135,00;610;-1045;5800;0;0
2024-04-30;16;19146;35010;20691;-;0;-;6591;6591;-;0;-;14319;3148;8072;1125,00;845;-1087;5463;-160;0
2024-04-30;17;19387;33658;20991;-;0;-;7564;7564;-;0;-;12667;3235;6268;671,00;-239;50;4275;-1348;0
2024-04-30;18;19481;32589;20996;-;519;-;8757;8619;-;137;-;11074;3041;4717;114,00;-1163;950;3778;-2041;0
2024-04-30;19;19890;30945;20909;-;1283;-;10835;10202;-;633;-;8753;3184;2112;0,00;-711;950;2439;-3519;0
2024-04-30;20;20228;29900;20787;-;1516;-;12586;11344;-;1242;-;7597;3857;267;0,00;-785;863;1516;-4541;0
2024-04-30;21;20706;29979;20922;-;1498;-;13031;11796;-;1236;-;7559;4092;0;0,00;-814;743;1037;-5082;0
2024-04-30;22;19114;30781;21085;-;1475;-;11201;10233;-;968;-;8221;4812;0;0,00;-980;703;2980;-3240;0
2024-04-30;23;17481;30933;20999;-;1319;-;8653;7879;-;774;-;8615;5421;0;32,00;-165;650;5457;-643;0
2024-04-30;24;15844;30456;21001;-;1112;-;7641;7230;-;411;-;8343;5241;0;63,00;-950;950;4976;-658;0
2024-05-01;1;14300;29247;20986;-;275;-;6101;5826;-;275;-;7986;4998;0;66,00;-625;950;4052;-499;0
2024-05-01;2;14319;28673;20956;-;0;-;6526;6526;-;0;-;7717;4743;0;11,00;-950;950;3065;-1431;0
2024-05-01;3;13894;28835;21186;-;308;-;6677;6648;-;29;-;7341;4407;0;11,00;-1150;950;2792;-1704;0
2024-05-01;4;14105;28802;21186;-;630;-;7183;6986;-;198;-;6986;4096;0;0,00;-1150;950;2406;-2090;0
2024-05-01;5;13785;28605;21191;-;826;-;7349;7193;-;156;-;6588;3696;0;0,00;-1153;950;2288;-2213;0
2024-05-01;6;13116;28051;21191;-;349;-;6743;6702;-;41;-;6511;3552;68;0,00;-1084;950;2835;-1666;0
2024-05-01;7;13100;28847;21191;-;62;-;5955;5946;-;9;-;7594;3591;1081;0,00;-1062;950;3725;-680;0
2024-05-01;8;13939;30566;21214;-;8;-;5351;5351;-;0;-;9344;3259;3216;80,00;-1374;950;4234;-221;0
2024-05-01;9;15438;30959;21303;-;123;-;5771;5771;-;0;-;9533;1751;4913;106,00;-203;-120;2990;-1455;0
2024-05-01;10;15830;31148;21316;-;577;-;6544;6544;-;0;-;9255;681;5758;106,00;709;-1000;2326;-2094;0
2024-05-01;11;15386;31811;21306;-;518;-;6526;6526;-;0;-;9987;1329;5861;91,00;-606;-1092;2101;-2449;0
2024-05-01;12;15140;33209;21231;-;61;-;5172;5172;-;0;-;11917;1439;7697;351,00;92;-1092;4639;0;0
2024-05-01;13;15006;33045;21206;-;0;-;5226;5226;-;0;-;11839;1296;7768;959,00;104;-1092;4074;-431;0
2024-05-01;14;14628;32405;21196;-;0;-;5241;5241;-;0;-;11209;770;7684;959,00;1062;-1092;4770;0;0
2024-05-01;15;14288;31597;21196;-;0;-;5241;5241;-;0;-;10401;627;7036;956,00;953;-1092;4196;-144;0
2024-05-01;16;14311;31301;21196;-;0;-;5312;5312;-;0;-;10105;1237;6119;771,00;797;-1092;3906;-384;0
2024-05-01;17;15043;31167;21196;-;0;-;5641;5641;-;0;-;9971;2188;4995;335,00;698;-905;3565;-785;0
2024-05-01;18;15197;30786;21291;-;242;-;6354;6326;-;28;-;9253;3573;2797;0,00;512;-723;3055;-1285;0
2024-05-01;19;15976;30576;21301;-;692;-;6864;6375;-;489;-;8583;4095;1553;0,00;751;-400;2640;-1560;0
2024-05-01;20;16146;29562;21366;-;981;-;6919;6147;-;772;-;7215;3974;245;0,00;1228;800;3127;-1128;0
2024-05-01;21;16653;29661;21381;-;1076;-;7355;6554;-;801;-;7204;4132;1;0,00;1102;900;2629;-1701;0
2024-05-01;22;16113;29865;21391;-;996;-;7083;6398;-;684;-;7478;4499;0;0,00;879;600;2812;-1683;0
2024-05-01;23;15204;30728;21401;-;1080;-;6847;6385;-;462;-;8247;5277;0;0,00;-689;900;3008;-1497;0
2024-05-01;24;14207;30700;21406;-;979;-;5995;5814;-;181;-;8315;5404;0;0,00;-900;900;3587;-923;0
2024-05-02;1;13191;29554;21421;-;0;-;5260;5260;-;0;-;8133;5292;0;14,00;-320;305;4227;-298;0
2024-05-02;2;12890;29409;21421;-;0;-;5237;5237;-;0;-;7988;5140;0;22,00;-353;353;4390;-135;0
2024-05-02;3;12698;29297;21421;-;0;-;5249;5249;-;0;-;7876;5028;0;22,00;-881;881;4481;-44;0
2024-05-02;4;12690;29067;21426;-;0;-;5284;5284;-;0;-;7641;4794;0;22,00;-850;850;4293;-237;0
2024-05-02;5;12711;28906;21375;-;0;-;5306;5306;-;0;-;7531;4687;0;22,00;-537;538;4173;-339;0
2024-05-02;6;12539;28590;21206;-;57;-;5309;5252;-;57;-;7327;4413;70;3,00;-98;95;4162;-373;0
2024-05-02;7;13868;29911;21206;-;508;-;5851;5344;-;508;-;8197;4235;1025;0,00;-1127;950;3983;-552;0
2024-05-02;8;14979;31920;21206;-;169;-;5406;5237;-;169;-;10545;3699;3908;16,00;-1394;950;4597;0;0
2024-05-02;9;16323;31926;21191;-;61;-;6197;6197;-;0;-;10674;1816;6041;63,00;-1564;888;2920;-1675;0
2024-05-02;10;15880;32517;21171;-;302;-;6199;6199;-;0;-;11044;1371;6899;71,00;-1336;769;3815;-785;0
2024-05-02;11;14833;32654;21156;-;34;-;5208;5208;-;0;-;11464;2061;6669;119,00;-1209;-168;4409;-176;0
2024-05-02;12;15733;34475;21310;-;0;-;5095;5095;-;0;-;13165;2843;7550;698,00;-1008;-175;4809;0;0
2024-05-02;13;16573;34084;21291;-;0;-;5092;5092;-;0;-;12793;2847;7184;959,00;-592;-521;3331;-1144;0
2024-05-02;14;16863;34997;21281;-;237;-;5098;5098;-;0;-;13479;3301;7421;959,00;-404;-653;3773;-692;0
2024-05-02;15;16045;34610;21281;-;0;-;5333;5333;-;0;-;13329;3556;7017;909,00;-1439;-355;3764;-701;0
2024-05-02;16;16325;34037;21281;-;0;-;5228;5228;-;0;-;12756;3799;6205;459,00;-976;32;4284;-131;0
2024-05-02;17;16423;33265;21281;-;0;-;5575;5575;-;0;-;11984;4226;4971;199,00;-476;-106;4287;-128;0
2024-05-02;18;16841;31464;21286;-;10;-;6962;6962;-;0;-;10168;3975;3313;32,00;-860;650;3228;-1471;0
2024-05-02;19;17032;30466;21356;-;401;-;7822;7581;-;241;-;8709;3814;1924;0,00;-303;857;3193;-1946;0
2024-05-02;20;17838;29510;21366;-;1092;-;10244;9351;-;894;-;7052;3674;318;0,00;-512;950;1276;-3873;0
2024-05-02;21;18270;29090;21366;-;1092;-;10996;10091;-;905;-;6632;3542;20;0,00;-514;950;435;-4714;0
2024-05-02;22;17237;29121;21386;-;1019;-;10114;9402;-;712;-;6716;3669;0;0,00;-488;950;1404;-3738;0
2024-05-02;23;15873;29369;21401;-;997;-;7908;7590;-;318;-;6971;4025;0;0,00;66;950;2230;-2411;0
2024-05-02;24;14462;29261;21401;-;732;-;6472;6472;-;0;-;7128;4178;0;0,00;-10;950;2992;-1513;0
2024-05-03;1;13375;28514;21391;-;0;-;6347;6347;-;0;-;7123;4171;0;0,00;-951;950;3030;-1477;0
2024-05-03;2;12880;28272;21391;-;0;-;5995;5995;-;0;-;6881;3930;0;0,00;-950;950;3284;-1223;0
2024-05-03;3;12587;27851;21391;-;0;-;6097;6097;-;0;-;6460;3511;0;0,00;-950;950;3157;-1350;0
2024-05-03;4;12568;27612;21391;-;10;-;6352;6352;-;0;-;6211;3259;0;0,00;-949;950;2927;-1580;0
2024-05-03;5;12603;27472;21391;-;148;-;6667;6667;-;0;-;5933;2964;0;0,00;-950;950;2613;-1894;0
2024-05-03;6;12208;27385;21391;-;275;-;6512;6238;-;275;-;5719;2660;70;0,00;-953;950;3066;-1441;0
2024-05-03;7;12619;28376;21386;-;395;-;6459;6064;-;395;-;6595;2435;1142;0,00;-1159;950;3440;-1062;0
2024-05-03;8;13305;30436;21376;-;253;-;5368;5114;-;253;-;8807;1888;3877;16,00;-1351;838;4495;-81;0
2024-05-03;9;14751;31180;21366;-;10;-;5968;5959;-;10;-;9804;876;5944;79,00;-1546;350;3045;-1532;0
2024-05-03;10;14778;32809;21356;-;0;-;5639;5639;-;0;-;11453;456;8167;111,00;-2164;350;3998;-567;0
2024-05-03;11;14600;34439;21283;-;0;-;5099;5099;-;0;-;13156;428;9910;149,00;-3370;243;4508;-29;0
2024-05-03;12;14691;34366;21268;-;0;-;5120;5120;-;0;-;13098;660;9632;404,00;-3408;534;4343;-157;0
2024-05-03;13;14639;35179;21258;-;0;-;5120;5120;-;0;-;13921;1168;9983;907,00;-2813;11;4777;0;0
2024-05-03;14;14573;35023;21238;-;0;-;5122;5122;-;0;-;13785;1441;9581;959,00;-2492;93;5039;0;0
2024-05-03;15;14356;33754;21238;-;0;-;5281;5281;-;0;-;12516;1206;8547;959,00;-2518;284;4212;-158;0
2024-05-03;16;14518;31602;21238;-;0;-;5994;5994;-;0;-;10364;1019;6571;557,00;-2305;654;3124;-1246;0
2024-05-03;17;14810;30430;21238;-;0;-;6165;6165;-;0;-;9192;846;5515;93,00;-1322;950;3923;-447;0
2024-05-03;18;15234;28609;21248;-;0;-;7671;7671;-;0;-;7361;760;3617;0,00;-732;950;3394;-1454;0
2024-05-03;19;15422;27321;21311;-;568;-;9572;9376;-;196;-;5442;780;1590;0,00;-586;950;2485;-3019;0
2024-05-03;20;16072;26596;21306;-;987;-;11674;10891;-;783;-;4303;942;267;0,00;-896;918;1157;-4521;0
2024-05-03;21;16635;26566;21241;-;1087;-;12114;11237;-;877;-;4238;1026;2;0,00;-657;938;815;-4798;0
2024-05-03;22;16336;26642;21243;-;1054;-;11826;11069;-;757;-;4345;1193;0;0,00;-622;905;1106;-4509;0
2024-05-03;23;15336;26759;21269;-;1034;-;10964;10508;-;457;-;4456;1360;0;0,00;-1087;950;1161;-4318;0
2024-05-03;24;14139;26881;21336;-;1030;-;8557;8272;-;285;-;4515;1478;0;0,00;237;950;3123;-2182;0
2024-05-04;1;13294;25617;20986;-;43;-;8530;8530;-;0;-;4588;1586;0;0,00;-864;990;2347;-2908;0
2024-05-04;2;12821;25502;20991;-;0;-;8114;8114;-;0;-;4511;1550;0;11,00;-778;1000;2832;-2428;0
2024-05-04;3;12475;25490;20996;-;0;-;7742;7742;-;0;-;4494;1500;0;11,00;-653;1000;3291;-1974;0
2024-05-04;4;12375;25667;20996;-;0;-;7686;7686;-;0;-;4671;1665;0;11,00;-949;1000;3272;-1993;0
2024-05-04;5;12588;25917;21087;-;0;-;7886;7886;-;0;-;4830;1824;0;0,00;-1052;1000;3126;-2139;0
2024-05-04;6;12432;26530;21205;-;398;-;8255;7952;-;303;-;4927;1730;174;0,00;-1765;1000;2969;-2296;0
2024-05-04;7;13675;27531;21331;-;312;-;7945;7633;-;312;-;5888;1546;1290;0,00;-1041;1000;3415;-1845;0
2024-05-04;8;14776;29940;21552;-;19;-;6781;6762;-;19;-;8369;1094;4225;90,00;-1060;1000;4388;-767;0
2024-05-04;9;15716;31617;21542;-;0;-;6373;6373;-;0;-;10075;565;6552;818,00;-1124;1000;4333;-812;0
2024-05-04;10;16152;32889;21527;-;0;-;6244;6244;-;0;-;11362;331;8142;758,00;-1583;580;4349;-981;0
2024-05-04;11;15879;33069;21434;-;0;-;6167;6167;-;0;-;11635;337;8447;451,00;-1684;378;4880;-430;0
2024-05-04;12;15340;31656;21419;-;0;-;6233;6233;-;0;-;10237;354;7117;149,00;-806;-150;4658;-532;0
2024-05-04;13;15908;31034;21409;-;135;-;6163;6163;-;0;-;9490;344;6382;149,00;-195;-454;3640;-1535;0
2024-05-04;14;15593;31101;21404;-;0;-;6180;6180;-;0;-;9697;333;6593;149,00;351;-474;4685;-470;0
2024-05-04;15;15334;30876;21399;-;0;-;6246;6246;-;0;-;9477;337;6372;149,00;248;-191;4965;-185;0
2024-05-04;16;15613;30619;21344;-;0;-;6584;6584;-;0;-;9275;441;6053;117,00;-921;951;4843;-370;0
2024-05-04;17;15869;29315;21079;-;0;-;7560;7560;-;0;-;8236;481;4926;56,00;-950;980;4156;-996;0
2024-05-04;18;16314;28854;20947;-;54;-;8698;8645;-;54;-;7853;456;4359;0,00;-1067;980;4464;-1283;0
2024-05-04;19;16872;26423;20882;-;240;-;11010;10838;-;172;-;5301;443;1768;0,00;-398;980;2855;-3430;0
2024-05-04;20;16953;25826;20867;-;998;-;13033;12323;-;709;-;3961;513;276;0,00;-1050;980;1326;-4967;0
2024-05-04;21;17504;25884;20965;-;1116;-;13761;12702;-;1060;-;3803;613;2;0,00;-1050;980;956;-5362;0
2024-05-04;22;17156;25987;20970;-;1090;-;12887;12036;-;851;-;3927;757;0;0,00;-666;980;1327;-4933;0
2024-05-04;23;15984;25912;20975;-;989;-;10569;10365;-;204;-;3948;875;0;0,00;408;980;1924;-3936;0
2024-05-04;24;14461;25882;21082;-;731;-;8377;8377;-;0;-;4069;1015;0;0,00;1176;980;3582;-2040;0
2024-05-05;1;13534;24952;20608;-;377;-;9276;9237;-;39;-;3967;1053;0;0,00;-1001;980;2280;-3352;0
2024-05-05;2;13230;24768;20618;-;150;-;8598;8598;-;0;-;4000;1095;0;0,00;-318;980;2233;-2947;0
2024-05-05;3;12715;24709;20616;-;0;-;7632;7632;-;0;-;4093;1136;0;0,00;79;980;3039;-2042;0
2024-05-05;4;12609;24774;20608;-;0;-;7628;7628;-;0;-;4166;1208;0;0,00;-195;980;2935;-2138;0
2024-05-05;5;12502;24837;20608;-;0;-;7508;7508;-;0;-;4229;1310;0;0,00;-196;980;3105;-1968;0
2024-05-05;6;11993;25043;20646;-;34;-;7384;7360;-;24;-;4363;1342;90;0,00;-683;980;3290;-1788;0
2024-05-05;7;12457;26199;20714;-;141;-;6936;6831;-;104;-;5344;1290;1111;0,00;-721;853;3722;-1356;0
2024-05-05;8;13053;29219;20818;-;0;-;5888;5888;-;0;-;8401;1233;4230;90,00;-771;301;5232;0;0
2024-05-05;9;13994;29372;20803;-;0;-;5910;5910;-;0;-;8569;683;5062;144,00;-851;381;4391;-667;0
2024-05-05;10;14907;29485;20798;-;73;-;6486;6486;-;0;-;8614;321;5582;149,00;277;-820;3439;-1614;0
2024-05-05;11;14984;30181;20735;-;28;-;6420;6420;-;0;-;9418;445;6271;243,00;78;-701;3972;-1061;0
2024-05-05;12;14497;30771;20730;-;0;-;6027;6027;-;0;-;10041;614;6759;577,00;32;-1062;4337;-691;0
2024-05-05;13;13869;30325;20715;-;0;-;5782;5782;-;0;-;9610;840;6102;738,00;219;-1019;4587;-426;0
2024-05-05;14;14369;30854;20775;-;0;-;5794;5794;-;0;-;10079;1134;6274;749,00;331;-998;4737;-324;0
2024-05-05;15;15023;31423;20715;-;0;-;5840;5840;-;0;-;10708;1365;6667;748,00;122;-670;4796;-217;0
2024-05-05;16;15657;29050;20693;-;390;-;7380;7380;-;0;-;7967;1326;3912;200,00;319;-789;2290;-2813;0
2024-05-05;17;15171;29638;20620;-;0;-;6884;6884;-;0;-;9018;1847;4367;493,00;1069;-1043;4371;-697;0
2024-05-05;18;15640;28174;20350;-;179;-;8209;8209;-;0;-;7645;1867;2935;401,00;214;-200;2971;-2157;0
2024-05-05;19;16142;26395;20245;-;256;-;9400;9274;-;127;-;5894;1736;1210;0,00;246;822;2899;-2667;0
2024-05-05;20;16476;26416;20265;-;911;-;10280;9780;-;501;-;5240;1869;286;0,00;50;817;2541;-3313;0
2024-05-05;21;17278;26398;20318;-;1096;-;11539;10672;-;868;-;4984;1792;2;0,00;-157;873;1945;-4143;0
2024-05-05;22;16963;25856;20057;-;1046;-;11192;10395;-;797;-;4753;1666;0;0,00;-69;980;1893;-3950;0
2024-05-05;23;15845;25845;20154;-;1054;-;11185;10973;-;212;-;4637;1573;0;0,00;-1107;980;1092;-4703;0
2024-05-05;24;14671;25749;20539;-;774;-;9764;9764;-;0;-;4436;1383;0;0,00;-417;980;2909;-3152;0
2024-05-06;1;13651;25312;20700;-;0;-;9037;9037;-;0;-;4612;1653;0;0,00;-950;980;3658;-2500;0
2024-05-06;2;13335;25600;20675;-;0;-;8368;8368;-;0;-;4925;1866;0;14,00;-950;980;4490;-1646;0
2024-05-06;3;13287;25056;20156;-;0;-;8189;8189;-;0;-;4900;1838;0;22,00;-950;980;4282;-1859;0
2024-05-06;4;13225;24762;19842;-;0;-;8282;8282;-;0;-;4920;1828;0;22,00;-950;980;4505;-1637;0
2024-05-06;5;13459;24959;19989;-;0;-;8440;8440;-;0;-;4970;1876;0;19,00;-950;980;4524;-1617;0
2024-05-06;6;14380;25234;20040;-;0;-;8707;8707;-;0;-;5194;1997;99;8,00;-300;949;4559;-1582;0
2024-05-06;7;17750;26536;19677;-;846;-;11273;11158;-;115;-;6013;1884;946;0,00;-512;980;2399;-4128;0
2024-05-06;8;19343;29082;19973;-;1014;-;11050;10841;-;209;-;8095;1528;3393;0,00;-465;610;2953;-3866;0
2024-05-06;9;20172;30351;19921;-;959;-;10616;10452;-;164;-;9471;935;5438;0,00;-392;227;3126;-3641;0
2024-05-06;10;19802;31613;19958;-;343;-;8761;8721;-;40;-;11312;1124;7178;90,00;426;-573;5247;-1557;0
2024-05-06;11;19514;32084;19577;-;0;-;7781;7781;-;0;-;12507;1592;7716;202,00;537;-824;6594;-332;0
2024-05-06;12;19927;32602;19621;-;0;-;8118;8118;-;0;-;12981;1938;7875;654,00;275;-762;6132;-809;0
2024-05-06;13;20299;32577;19386;-;0;-;8566;8566;-;0;-;13191;2115;7902;751,00;70;-761;5485;-1309;0
2024-05-06;14;20267;32372;19332;-;0;-;8478;8478;-;0;-;13040;2275;7662;759,00;154;-626;5566;-1174;0
2024-05-06;15;20140;31361;19281;-;0;-;9174;9174;-;0;-;12080;2385;6576;748,00;-165;-253;4849;-1815;0
2024-05-06;16;20158;30245;19230;-;123;-;10306;10306;-;0;-;10892;2286;5439;585,00;-324;-162;4017;-2571;0
2024-05-06;17;20001;28890;19230;-;176;-;10899;10899;-;0;-;9484;2097;4222;116,00;-537;330;4092;-2474;0
2024-05-06;18;20148;27643;19230;-;188;-;11355;11355;-;0;-;8225;1975;3056;8,00;-448;980;4926;-2676;0
2024-05-06;19;20645;26788;19944;-;421;-;12495;12425;-;71;-;6423;1629;1434;0,00;775;980;4430;-3531;0
2024-05-06;20;21293;25962;19739;-;994;-;15193;14561;-;632;-;5229;1468;296;0,00;-11;885;2033;-5691;0
2024-05-06;21;21514;25543;19722;-;1040;-;15755;15087;-;668;-;4781;1304;4;0,00;-29;946;1372;-6257;0
2024-05-06;22;20476;25275;19530;-;977;-;13758;13414;-;344;-;4768;1317;0;0,00;1123;980;3012;-4396;0
2024-05-06;23;18504;25377;19729;-;990;-;11404;11176;-;228;-;4658;1441;0;0,00;1503;967;4342;-2862;0
2024-05-06;24;16845;25625;19994;-;735;-;10026;9916;-;110;-;4896;1732;0;0,00;917;980;5272;-1857;0
2024-05-07;1;15614;25369;20209;-;3;-;8652;8649;-;3;-;5157;1985;0;48,00;1779;350;6768;-435;0
2024-05-07;2;15290;25824;20344;-;0;-;8682;8682;-;0;-;5480;2305;0;86,00;1181;250;6681;-427;0
2024-05-07;3;14854;26030;20238;-;0;-;8645;8645;-;0;-;5792;2613;0;86,00;644;227;6763;-270;0
2024-05-07;4;14778;26458;20309;-;0;-;8596;8596;-;0;-;6149;2957;0;86,00;559;175;7129;-29;0
2024-05-07;5;14979;26448;20314;-;0;-;8596;8596;-;0;-;6134;2942;0;86,00;546;108;6839;-324;0
2024-05-07;6;15606;26651;20314;-;0;-;8581;8581;-;0;-;6337;3005;76;86,00;1235;108;7104;-74;0
2024-05-07;7;18154;27623;20309;-;39;-;9466;9426;-;39;-;7275;3146;798;3,00;1357;109;5734;-1440;0
2024-05-07;8;20307;30008;20019;-;930;-;11196;10754;-;442;-;9059;2802;2775;0,00;-75;2;3942;-2941;0
2024-05-07;9;20902;31565;20172;-;967;-;11540;11184;-;356;-;10426;2628;4340;0,00;-1419;265;3699;-3344;0
2024-05-07;10;20926;31304;19170;-;692;-;10718;10518;-;200;-;11442;2528;5628;0,00;-1812;455;4226;-2708;0
2024-05-07;11;20615;31794;19232;-;0;-;8736;8736;-;0;-;12562;2671;6626;112,00;-1500;950;6434;-782;0
2024-05-07;12;20790;32581;19227;-;0;-;8577;8577;-;0;-;13354;2546;7590;623,00;-1172;950;6864;-347;0
2024-05-07;13;21020;32167;19234;-;0;-;8949;8949;-;0;-;12933;2262;7472;915,00;-924;924;6149;-1049;0
2024-05-07;14;20303;31804;19159;-;0;-;8864;8864;-;0;-;12645;2264;7193;913,00;-695;695;6514;-609;0
2024-05-07;15;19873;31659;19134;-;0;-;8656;8656;-;0;-;12525;2265;7098;879,00;-662;662;6883;-215;0
2024-05-07;16;19670;30935;19356;-;0;-;9024;9024;-;0;-;11579;2218;6187;908,00;-676;676;6167;-933;0
2024-05-07;17;19442;29603;19430;-;0;-;9893;9893;-;0;-;10173;2217;4718;457,00;-540;493;5466;-1644;0
2024-05-07;18;19688;28521;19548;-;358;-;10863;10863;-;0;-;8615;2210;3122;145,00;-173;482;4654;-2759;0
2024-05-07;19;20304;28201;20082;-;924;-;11796;11796;-;0;-;7195;2211;1575;0,00;988;410;3480;-3511;0
2024-05-07;20;21212;26982;19913;-;1029;-;14305;13487;-;818;-;6040;2165;338;0,00;191;278;1136;-5757;0
2024-05-07;21;21989;26096;19218;-;1036;-;14538;13683;-;855;-;5842;2313;6;0,00;1170;214;418;-6467;0
2024-05-07;22;20463;25689;18951;-;995;-;13387;12673;-;714;-;5743;2326;0;0,00;1052;269;1374;-5175;0
2024-05-07;23;18343;26257;19266;-;980;-;10495;10463;-;32;-;6011;2765;0;8,00;1499;313;3878;-2917;0
2024-05-07;24;16931;26056;19204;-;727;-;8681;8681;-;0;-;6125;2923;0;32,00;1582;600;5656;-1037;0
2024-05-08;1;15684;24737;18966;-;0;-;8402;8402;-;0;-;5771;2719;0;32,00;1174;258;5408;-1124;0
2024-05-08;2;15467;24633;18966;-;0;-;8715;8715;-;0;-;5667;2612;0;0,00;848;254;5224;-1308;0
2024-05-08;3;15291;24477;18971;-;0;-;8824;8824;-;0;-;5506;2447;0;0,00;749;264;5154;-1383;0
2024-05-08;4;15295;24092;18964;-;0;-;8887;8887;-;0;-;5128;2069;0;0,00;957;298;5007;-1522;0
2024-05-08;5;15524;23873;18966;-;0;-;8880;8880;-;0;-;4907;1841;0;0,00;1450;347;5101;-1431;0
2024-05-08;6;16107;23819;18966;-;0;-;9404;9404;-;0;-;4853;1623;115;0,00;1593;273;4532;-1997;0
2024-05-08;7;18536;25360;18966;-;745;-;12017;11788;-;229;-;5649;1371;1154;0,00;573;245;2081;-4441;0
2024-05-08;8;19971;27915;18608;-;941;-;11759;11478;-;280;-;8366;747;4471;0,00;-199;-165;1825;-4537;0
2024-05-08;9;20928;29949;18591;-;889;-;12231;11788;-;443;-;10469;289;7004;0,00;-1096;-835;1457;-4745;0
2024-05-08;10;20566;31408;18498;-;859;-;10670;10380;-;290;-;12051;287;8669;0,00;-2035;-136;2623;-3326;0
2024-05-08;11;19615;31794;18113;-;159;-;7905;7857;-;48;-;13522;356;10112;58,00;-1779;9;4418;-1216;0
2024-05-08;12;19461;32775;18038;-;0;-;7087;7076;-;0;-;14737;452;11240;532,00;-2007;144;4692;-784;0
2024-05-08;13;19580;32790;18187;-;378;-;7745;7745;-;0;-;14225;544;10721;812,00;-2120;-35;3417;-2318;0
2024-05-08;14;19079;32879;18326;-;0;-;6712;6712;-;0;-;14553;732;10880;849,00;-1029;-20;5453;-421;0
2024-05-08;15;18984;33075;18371;-;0;-;6558;6558;-;0;-;14704;951;10597;951,00;-564;-80;6047;0;0
2024-05-08;16;19253;31777;18599;-;0;-;6810;6810;-;0;-;13178;1138;8818;623,00;-302;332;5398;-521;0
2024-05-08;17;19591;30043;18619;-;38;-;8426;8426;-;0;-;11386;1276;6843;11,00;-505;252;4165;-1922;0
2024-05-08;18;19938;28739;18954;-;472;-;9881;9881;-;0;-;9313;1357;4637;6,00;527;227;3366;-2458;0
2024-05-08;19;20276;26915;19210;-;900;-;12211;11740;-;472;-;6805;1376;1941;0,00;813;466;2479;-3701;0
2024-05-08;20;20762;25672;19215;-;1025;-;14135;13135;-;1000;-;5432;1493;353;0,00;533;650;2058;-4636;0
2024-05-08;21;21304;25574;19225;-;987;-;14292;13407;-;885;-;5362;1772;7;0,00;1193;447;1829;-5009;0
2024-05-08;22;20181;25471;19230;-;750;-;12790;12564;-;226;-;5491;1926;0;0,00;1559;492;2839;-4098;0
2024-05-08;23;18434;25178;19302;-;661;-;10224;10224;-;0;-;5215;1877;0;0,00;2814;158;3151;-2968;0
2024-05-08;24;16996;24348;19354;-;5;-;8650;8650;-;0;-;4989;1721;0;0,00;3187;158;4740;-1384;0
